ticker,date,sentiment,polarity,news_count,positive_count,negative_count,neutral_count
3,10.0,3.0,0.0,7.0,,,
2232.HK,2026-08-01,neutral,0.0485576923076922,2.0,0.0,0.0,2.0
9995.HK,2026-08-02,positive,0.1272020202020202,10.0,5.0,0.0,5.0
9995.HK,2026-08-03,positive,0.1272020202020202,10.0,5.0,0.0,5.0
9995.HK,2026-08-04,positive,0.1272020202020202,10.0,5.0,0.0,5.0
9995.HK,2026-08-05,positive,0.1272020202020202,10.0,5.0,0.0,5.0
9903.HK,2026-08-06,neutral,-0.092021645021645,5.0,0.0,2.0,3.0
9903.HK,2026-08-07,neutral,-0.092021645021645,5.0,0.0,2.0,3.0
9903.HK,2026-08-08,neutral,-0.0770670995670995,5.0,0.0,1.0,4.0
9903.HK,2026-08-09,neutral,-0.0770670995670995,5.0,0.0,1.0,4.0
9903.HK,2026-08-10,neutral,-0.0770670995670995,5.0,0.0,1.0,4.0
2315.HK,2026-08-11,positive,0.1310406593406593,5.0,3.0,0.0,2.0
9995.HK,2026-08-12,positive,0.1272020202020202,10.0,5.0,0.0,5.0
9995.HK,2026-08-13,positive,0.1272020202020202,10.0,5.0,0.0,5.0
9995.HK,2026-08-14,positive,0.1272020202020202,10.0,5.0,0.0,5.0
9995.HK,2026-08-15,positive,0.1272020202020202,10.0,5.0,0.0,5.0
9995.HK,2026-08-16,positive,0.1272020202020202,10.0,5.0,0.0,5.0
9995.HK,2026-08-17,positive,0.1272020202020202,10.0,5.0,0.0,5.0
9995.HK,2026-08-18,positive,0.1272020202020202,10.0,5.0,0.0,5.0
9995.HK,2026-08-19,positive,0.1272020202020202,10.0,5.0,0.0,5.0
9995.HK,2026-08-20,positive,0.1272020202020202,10.0,5.0,0.0,5.0
9995.HK,2026-08-21,positive,0.1272020202020202,10.0,5.0,0.0,5.0
9995.HK,2026-08-22,positive,0.1272020202020202,10.0,5.0,0.0,5.0
9995.HK,2026-08-23,positive,0.1272020202020202,10.0,5.0,0.0,5.0
9995.HK,2026-08-24,positive,0.1272020202020202,10.0,5.0,0.0,5.0
9995.HK,2026-08-25,positive,0.1272020202020202,10.0,5.0,0.0,5.0
9995.HK,2026-08-26,positive,0.1272020202020202,10.0,5.0,0.0,5.0
9995.HK,2026-08-27,positive,0.1272020202020202,10.0,5.0,0.0,5.0
9995.HK,2026-08-28,positive,0.1272020202020202,10.0,5.0,0.0,5.0
9995.HK,2026-08-29,positive,0.1272020202020202,10.0,5.0,0.0,5.0
9995.HK,2026-08-30,positive,0.1272020202020202,10.0,5.0,0.0,5.0
9995.HK,2026-08-31,positive,0.1272020202020202,10.0,5.0,0.0,5.0
9995.HK,2026-09-01,positive,0.1272020202020202,10.0,5.0,0.0,5.0
9995.HK,2026-09-02,positive,0.1272020202020202,10.0,5.0,0.0,5.0
9995.HK,2026-09-03,positive,0.1272020202020202,10.0,5.0,0.0,5.0
9995.HK,2026-09-04,positive,0.1272020202020202,10.0,5.0,0.0,5.0
9995.HK,2026-09-05,positive,0.1272020202020202,10.0,5.0,0.0,5.0
9995.HK,2026-09-06,positive,0.1272020202020202,10.0,5.0,0.0,5.0
9995.HK,2026-09-07,positive,0.1272020202020202,10.0,5.0,0.0,5.0
9995.HK,2026-09-08,positive,0.1272020202020202,10.0,5.0,0.0,5.0
9995.HK,2026-09-09,positive,0.1272020202020202,10.0,5.0,0.0,5.0
0.0,2.0,3.0,5.0,,,,
9995.HK,2026-09-10,positive,0.1272020202020202,10.0,5.0,0.0,5.0
9995.HK,2026-09-11,positive,0.1272020202020202,10.0,5.0,0.0,5.0
9995.HK,2026-09-12,positive,0.1272020202020202,10.0,5.0,0.0,5.0
9995.HK,2026-09-13,positive,0.1272020202020202,10.0,5.0,0.0,5.0
9995.HK,2026-09-14,positive,0.1272020202020202,10.0,5.0,0.0,5.0
9995.HK,2026-09-15,positive,0.1272020202020202,10.0,5.0,0.0,5.0
9995.HK,2026-09-16,positive,0.1272020202020202,10.0,5.0,0.0,5.0
9995.HK,2026-09-17,positive,0.1272020202020202,10.0,5.0,0.0,5.0
9995.HK,2026-09-18,positive,0.1272020202020202,10.0,5.0,0.0,5.0
9995.HK,2026-09-19,positive,0.1272020202020202,10.0,5.0,0.0,5.0
9995.HK,2026-09-20,positive,0.1272020202020202,10.0,5.0,0.0,5.0
9995.HK,2026-09-21,positive,0.1272020202020202,10.0,5.0,0.0,5.0
2196.HK,2026-09-22,neutral,0.0690816326530612,7.0,3.0,0.0,4.0
1735.HK,2026-09-23,positive,0.1152272727272727,1.0,1.0,0.0,0.0
0136.HK,2026-09-24,positive,0.1038497474747474,9.0,4.0,0.0,5.0
9903.HK,2026-09-25,neutral,-0.0654761904761904,5.0,0.0,1.0,4.0
,0.0,0.0,1.0,,,,
9903.HK,2026-09-26,neutral,-0.0654761904761904,5.0,0.0,1.0,4.0
9903.HK,2026-09-27,neutral,-0.0654761904761904,5.0,0.0,1.0,4.0
9995.HK,2026-09-28,positive,0.1272020202020202,10.0,5.0,0.0,5.0
0836.HK,2026-09-29,neutral,0.0679285714285714,5.0,3.0,1.0,1.0
6887.HK,2026-09-30,positive,0.2185353535353535,2.0,1.0,0.0,1.0
2357.HK,2026-10-01,neutral,0.0833333333333333,1.0,0.0,0.0,1.0
9995.HK,2026-10-02,neutral,0.0923662646876932,7.0,2.0,0.0,5.0
3388.HK,2026-10-03,positive,0.1890873015873016,2.0,2.0,0.0,0.0
9995.HK,2026-10-04,neutral,0.0923662646876932,7.0,2.0,0.0,5.0
9995.HK,2026-10-05,neutral,0.0923662646876932,7.0,2.0,0.0,5.0
9995.HK,2026-10-06,neutral,0.0923662646876932,7.0,2.0,0.0,5.0
9995.HK,2026-10-07,neutral,0.0923662646876932,7.0,2.0,0.0,5.0
9995.HK,2026-10-08,neutral,0.0923662646876932,7.0,2.0,0.0,5.0
9995.HK,2026-10-09,neutral,0.09236626468769325,7.0,2.0,0.0,5.0
