date,Open,High,Low,Close,Volume,Adj Close,dividends
2023-03-17,157.8000030517578,158.0,152.8000030517578,154.60000610351562,18824803.0,153.27719116210938,0.0
2023-03-20,152.39999389648438,153.5,147.10000610351562,150.39999389648438,11644403.0,149.11312866210938,0.0
2023-03-21,149.39999389648438,150.6999969482422,145.6999969482422,150.10000610351562,11079465.0,148.81570434570312,0.0
2023-03-22,155.0,157.6999969482422,151.8000030517578,152.89999389648438,10701327.0,151.5917510986328,0.0
2023-03-23,151.60000610351562,159.1999969482422,150.5,158.8000030517578,12582745.0,157.44126892089844,0.0
2023-03-24,155.8000030517578,162.3000030517578,155.3000030517578,158.8000030517578,12333500.0,157.44126892089844,0.0
2023-03-27,157.60000610351562,158.5,151.8000030517578,153.1999969482422,10765673.0,151.88917541503906,0.0
2023-03-28,157.0,157.1999969482422,154.10000610351562,156.10000610351562,7329905.0,154.76437377929688,0.0
2023-03-29,166.1999969482422,168.0,158.1999969482422,159.10000610351562,17110423.0,157.7386932373047,0.0
2023-03-30,160.5,164.3000030517578,159.5,163.1999969482422,14622088.0,161.80361938476562,0.0
2023-03-31,174.8000030517578,176.5,171.39999389648438,172.0,24058257.0,170.5283203125,0.0
2023-04-03,171.60000610351562,172.1999969482422,167.3000030517578,169.6999969482422,9360923.0,168.2480010986328,0.0
2023-04-04,165.0,165.5,161.0,164.0,8033703.0,162.8943328857422,2.423518
2023-04-06,158.0,159.39999389648438,155.89999389648438,159.0,12979395.0,157.9280548095703,0.0
2023-04-11,159.0,161.6999969482422,156.1999969482422,158.60000610351562,9024853.0,157.53074645996094,0.0
2023-04-12,157.6999969482422,157.8000030517578,151.3000030517578,153.0,10761564.0,151.968505859375,0.0
2023-04-13,144.39999389648438,149.89999389648438,143.5,149.89999389648438,13821516.0,148.88938903808594,0.0
2023-04-14,149.39999389648438,149.5,146.39999389648438,147.6999969482422,11727208.0,146.7042236328125,0.0
2023-04-17,145.0,151.1999969482422,143.6999969482422,149.39999389648438,11257419.0,148.39276123046875,0.0
2023-04-18,148.60000610351562,149.5,146.5,148.5,8085116.0,147.49884033203125,0.0
2023-04-19,148.5,148.5,143.60000610351562,144.1999969482422,10183194.0,143.2278289794922,0.0
2023-04-20,144.10000610351562,145.39999389648438,142.0,142.89999389648438,12571216.0,141.93658447265625,0.0
2023-04-21,141.5,142.0,138.39999389648438,139.6999969482422,11385223.0,138.75816345214844,0.0
2023-04-24,138.6999969482422,140.60000610351562,136.8000030517578,138.39999389648438,9038647.0,137.4669189453125,0.0
2023-04-25,136.6999969482422,136.89999389648438,131.60000610351562,132.6999969482422,11030238.0,131.80535888671875,0.0
2023-04-26,132.6999969482422,138.6999969482422,132.6999969482422,136.10000610351562,11282847.0,135.18243408203125,0.0
2023-04-27,136.10000610351562,136.10000610351562,133.5,135.89999389648438,7979961.0,134.98377990722656,0.0
2023-04-28,136.3000030517578,138.60000610351562,135.3000030517578,135.89999389648438,8128265.0,134.98377990722656,0.0
2023-05-02,139.10000610351562,142.8000030517578,136.3000030517578,138.1999969482422,9336864.0,137.26828002929688,0.0
2023-05-03,134.8000030517578,135.39999389648438,132.39999389648438,134.3000030517578,8607140.0,133.3945770263672,0.0
2023-05-04,135.5,137.8000030517578,135.10000610351562,137.5,7529847.0,136.57301330566406,0.0
2023-05-05,140.6999969482422,143.0,139.6999969482422,140.8000030517578,8147678.0,139.8507537841797,0.0
2023-05-08,140.8000030517578,141.6999969482422,138.1999969482422,139.5,6663123.0,138.5595245361328,0.0
2023-05-09,140.1999969482422,140.60000610351562,135.89999389648438,136.5,7426665.0,135.57974243164062,0.0
2023-05-10,136.5,137.5,133.60000610351562,135.60000610351562,13575422.0,134.68580627441406,0.0
2023-05-11,138.10000610351562,139.5,132.1999969482422,135.0,12467373.0,134.08985900878906,0.0
2023-05-12,146.0,146.0,142.3000030517578,144.8000030517578,21710205.0,143.82379150390625,0.0
2023-05-15,139.8000030517578,143.3000030517578,137.60000610351562,141.10000610351562,13391094.0,140.14874267578125,0.0
2023-05-16,147.0,147.6999969482422,146.0,146.8000030517578,11971065.0,145.810302734375,0.0
2023-05-17,149.1999969482422,149.1999969482422,142.10000610351562,143.60000610351562,11128795.0,142.6318817138672,0.0
2023-05-18,145.89999389648438,146.6999969482422,143.1999969482422,144.0,9925411.0,143.0291748046875,0.0
2023-05-19,141.8000030517578,141.8000030517578,136.6999969482422,137.1999969482422,10896133.0,136.2750244140625,0.0
2023-05-22,138.5,142.6999969482422,136.8000030517578,140.10000610351562,6265046.0,139.1554718017578,0.0
2023-05-23,141.3000030517578,141.60000610351562,137.39999389648438,138.39999389648438,5136527.0,137.4669189453125,0.0
2023-05-24,137.0,137.3000030517578,134.60000610351562,135.3000030517578,5589836.0,134.38783264160156,0.0
2023-05-25,132.6999969482422,132.89999389648438,128.39999389648438,130.10000610351562,12264676.0,129.22288513183594,0.0
2023-05-29,130.10000610351562,130.6999969482422,127.5,127.9000015258789,9573227.0,127.03772735595703,0.0
2023-05-30,129.10000610351562,131.0,126.0999984741211,130.0,9767010.0,129.12356567382812,0.0
2023-05-31,126.0999984741211,126.30000305175781,122.69999694824219,125.9000015258789,31696443.0,125.05120849609375,0.0
2023-06-01,128.3000030517578,132.89999389648438,127.5999984741211,130.0,21801803.0,129.12356567382812,0.0
2023-06-02,136.10000610351562,139.3000030517578,134.3000030517578,138.5,19619054.0,137.56625366210938,0.0
2023-06-05,135.0,138.60000610351562,135.0,138.39999389648438,8637266.0,137.4669189453125,0.0
2023-06-06,141.8000030517578,144.60000610351562,140.3000030517578,141.39999389648438,8797161.0,140.4467010498047,0.0
2023-06-07,147.0,147.0,142.3000030517578,144.1999969482422,9050028.0,143.2278289794922,0.0
2023-06-08,143.8000030517578,145.39999389648438,142.89999389648438,144.6999969482422,6799043.0,143.72445678710938,0.0
2023-06-09,144.8000030517578,145.89999389648438,143.1999969482422,145.0,6664745.0,144.02243041992188,0.0
2023-06-12,145.0,145.0,141.5,143.8000030517578,5380386.0,142.83053588867188,0.0
2023-06-13,143.6999969482422,148.0,143.1999969482422,147.39999389648438,6543742.0,146.40625,0.0
2023-06-14,149.10000610351562,150.1999969482422,145.89999389648438,147.5,4856129.0,146.50558471679688,0.0
2023-06-15,150.0,155.5,148.8000030517578,155.1999969482422,13180426.0,154.15367126464844,0.0
2023-06-16,156.0,159.39999389648438,153.60000610351562,157.39999389648438,12783130.0,156.3388214111328,0.0
2023-06-19,156.1999969482422,157.0,151.0,154.39999389648438,6885818.0,153.3590545654297,0.0
2023-06-20,153.8000030517578,153.8000030517578,148.5,149.6999969482422,7948980.0,148.6907501220703,0.0
2023-06-21,144.6999969482422,146.1999969482422,142.3000030517578,142.60000610351562,8278540.0,141.6386260986328,0.0
2023-06-23,142.1999969482422,142.60000610351562,138.8000030517578,140.10000610351562,8687735.0,139.1554718017578,0.0
2023-06-26,136.10000610351562,138.10000610351562,135.60000610351562,136.10000610351562,8800583.0,135.18243408203125,0.0
2023-06-27,136.8000030517578,140.8000030517578,136.60000610351562,139.6999969482422,7918347.0,138.75816345214844,0.0
2023-06-28,138.6999969482422,139.39999389648438,136.60000610351562,138.0,9659309.0,137.0696258544922,0.0
2023-06-29,137.3000030517578,137.3000030517578,132.0,132.89999389648438,11448891.0,132.00399780273438,0.0
2023-06-30,133.0,134.1999969482422,131.1999969482422,132.39999389648438,8073936.0,131.5073699951172,0.0
2023-07-03,134.5,138.89999389648438,134.0,138.3000030517578,10049005.0,137.36761474609375,0.0
2023-07-04,138.3000030517578,142.3000030517578,137.5,142.1999969482422,6734973.0,141.24130249023438,0.0
2023-07-05,141.3000030517578,142.60000610351562,138.1999969482422,138.6999969482422,3465074.0,137.76490783691406,0.0
2023-07-06,136.89999389648438,138.8000030517578,133.39999389648438,135.5,7700580.0,134.5864715576172,0.0
2023-07-07,133.89999389648438,136.6999969482422,131.5,134.6999969482422,8837699.0,133.7918701171875,0.0
2023-07-10,139.3000030517578,139.8000030517578,135.89999389648438,137.0,5877453.0,136.0763702392578,0.0
2023-07-11,139.60000610351562,141.3000030517578,138.6999969482422,139.5,6739947.0,138.5595245361328,0.0
2023-07-12,141.60000610351562,143.8000030517578,140.1999969482422,141.60000610351562,5219331.0,140.64535522460938,0.0
2023-07-13,146.89999389648438,150.6999969482422,145.8000030517578,150.6999969482422,14165794.0,149.6840057373047,0.0
2023-07-14,155.1999969482422,155.3000030517578,149.10000610351562,150.5,10220309.0,149.4853515625,0.0
2023-07-18,147.5,147.8000030517578,142.3000030517578,143.5,12104169.0,142.5325469970703,0.0
2023-07-19,140.39999389648438,143.6999969482422,137.8000030517578,142.8000030517578,9558761.0,141.83726501464844,0.0
2023-07-20,143.3000030517578,146.0,142.0,142.89999389648438,4882915.0,141.93658447265625,0.0
2023-07-21,142.6999969482422,147.6999969482422,142.39999389648438,145.1999969482422,3848023.0,144.22108459472656,0.0
2023-07-24,141.89999389648438,144.10000610351562,139.8000030517578,141.39999389648438,6472926.0,140.4467010498047,0.0
2023-07-25,148.5,153.3000030517578,148.1999969482422,152.3000030517578,13870351.0,151.27322387695312,0.0
2023-07-26,150.5,150.5,148.60000610351562,149.5,5044730.0,148.49209594726562,0.0
2023-07-27,152.0,153.1999969482422,149.60000610351562,151.3000030517578,7226209.0,150.27996826171875,0.0
2023-07-28,148.3000030517578,154.5,147.6999969482422,153.39999389648438,8283419.0,152.3657989501953,0.0
2023-07-31,162.6999969482422,164.5,158.6999969482422,159.8000030517578,18408224.0,158.72265625,0.0
2023-08-01,160.0,163.5,156.39999389648438,158.1999969482422,8944417.0,157.13345336914062,0.0
2023-08-02,158.0,158.6999969482422,152.1999969482422,152.6999969482422,10221363.0,151.6705322265625,0.0
2023-08-03,149.8000030517578,153.10000610351562,149.1999969482422,150.3000030517578,6298502.0,149.28671264648438,0.0
2023-08-04,155.10000610351562,157.1999969482422,152.89999389648438,155.0,6944259.0,153.95501708984375,0.0
2023-08-07,154.39999389648438,157.1999969482422,152.3000030517578,155.1999969482422,5325575.0,154.15367126464844,0.0
2023-08-08,151.5,151.5,147.89999389648438,148.39999389648438,8909879.0,147.39950561523438,0.0
2023-08-09,148.0,150.60000610351562,147.3000030517578,149.10000610351562,4939474.0,148.0948028564453,0.0
2023-08-10,147.39999389648438,149.6999969482422,145.39999389648438,149.10000610351562,5429141.0,148.0948028564453,0.0
2023-08-11,150.0,150.5,145.5,146.10000610351562,6007880.0,145.1150360107422,0.0
2023-08-14,141.39999389648438,144.39999389648438,140.5,144.1999969482422,7781906.0,143.2278289794922,0.0
2023-08-15,142.89999389648438,145.60000610351562,141.39999389648438,142.1999969482422,7033239.0,141.24130249023438,0.0
2023-08-16,139.8000030517578,143.3000030517578,139.60000610351562,140.60000610351562,7357815.0,139.65211486816406,0.0
2023-08-17,135.39999389648438,139.5,134.10000610351562,138.60000610351562,15189227.0,137.66558837890625,0.0
2023-08-18,134.60000610351562,136.39999389648438,131.1999969482422,131.1999969482422,17175129.0,130.31546020507812,0.0
2023-08-21,127.80000305175781,132.6999969482422,127.80000305175781,129.0,11659908.0,128.13031005859375,0.0
2023-08-22,129.1999969482422,133.60000610351562,128.60000610351562,131.3000030517578,8280596.0,130.414794921875,0.0
2023-08-23,131.3000030517578,132.6999969482422,130.0,131.0,6598692.0,130.1168212890625,0.0
2023-08-24,131.8000030517578,134.3000030517578,130.8000030517578,133.1999969482422,8943038.0,132.30198669433594,0.0
2023-08-25,130.1999969482422,131.10000610351562,129.39999389648438,130.0,6677775.0,129.12356567382812,0.0
2023-08-28,136.39999389648438,136.60000610351562,130.8000030517578,131.10000610351562,6023360.0,130.21615600585938,0.0
2023-08-29,132.0,134.5,131.6999969482422,133.8000030517578,5915101.0,132.89794921875,0.0
2023-08-30,134.60000610351562,135.39999389648438,130.8000030517578,131.8000030517578,7796486.0,130.9114227294922,0.0
2023-08-31,132.0,133.1999969482422,128.10000610351562,128.8000030517578,17121776.0,127.9316635131836,0.0
2023-09-01,132.0,133.1999969482422,128.10000610351562,128.8000030517578,0.0,127.9316635131836,
2023-09-04,132.8000030517578,136.1999969482422,130.6999969482422,135.1999969482422,20415714.0,134.2884979248047,0.0
2023-09-05,133.8000030517578,134.8000030517578,131.89999389648438,132.1999969482422,8667579.0,131.30873107910156,0.0
2023-09-06,133.0,134.1999969482422,131.39999389648438,132.60000610351562,8197063.0,131.7060546875,0.0
2023-09-07,131.10000610351562,132.10000610351562,128.1999969482422,128.5,8990170.0,127.63368225097656,0.0
2023-09-08,131.10000610351562,132.10000610351562,128.1999969482422,128.5,0.0,127.63368225097656,
2023-09-11,124.19999694824219,126.69999694824219,122.80000305175781,125.5999984741211,19094054.0,124.75322723388672,0.0
2023-09-12,123.5,126.0,123.0,124.69999694824219,6790145.0,123.85929107666016,0.0
2023-09-13,124.69999694824219,125.80000305175781,122.80000305175781,123.69999694824219,6427598.0,122.86603546142578,0.0
2023-09-14,124.30000305175781,124.9000015258789,122.80000305175781,124.0,7515238.0,123.16401672363281,0.0
2023-09-15,124.80000305175781,126.4000015258789,123.0999984741211,124.5999984741211,11461269.0,123.75997161865234,0.0
2023-09-18,123.4000015258789,123.9000015258789,121.0,121.0,9895275.0,120.18424224853516,0.0
2023-09-19,121.0999984741211,121.80000305175781,117.4000015258789,119.5999984741211,11605963.0,118.79367065429688,0.0
2023-09-20,119.69999694824219,120.0999984741211,118.0,118.0,7836229.0,117.20446014404297,0.0
2023-09-21,118.0,118.5,116.0,116.69999694824219,7654302.0,115.91322326660156,0.0
2023-09-22,116.30000305175781,120.5,115.9000015258789,120.30000305175781,11004795.0,119.48896026611328,0.0
2023-09-25,116.0999984741211,119.4000015258789,115.19999694824219,115.4000015258789,9053631.0,114.62200164794922,0.0
2023-09-26,115.0,116.19999694824219,112.0,112.30000305175781,17008879.0,111.54290008544922,0.0
2023-09-27,113.4000015258789,115.4000015258789,112.69999694824219,113.4000015258789,13797259.0,112.6354751586914,0.0
2023-09-28,113.0999984741211,113.9000015258789,110.69999694824219,111.0999984741211,9100120.0,110.35098266601562,0.0
2023-09-29,111.9000015258789,116.30000305175781,111.0999984741211,115.0999984741211,7425918.0,114.32402038574219,0.0
2023-10-03,112.30000305175781,112.4000015258789,110.19999694824219,111.4000015258789,9165391.0,110.64896392822266,0.0
2023-10-04,110.69999694824219,111.0,109.19999694824219,110.30000305175781,6847283.0,109.55638122558594,0.0
2023-10-05,111.0,112.80000305175781,110.5,111.5,6681323.0,110.748291015625,0.0
2023-10-06,113.5999984741211,114.30000305175781,112.19999694824219,113.19999694824219,7431822.0,112.43682098388672,0.0
2023-10-09,111.5,114.9000015258789,110.69999694824219,113.80000305175781,7159342.0,113.03278350830078,0.0
2023-10-10,116.0999984741211,119.19999694824219,114.9000015258789,115.4000015258789,9907644.0,114.62200164794922,0.0
2023-10-11,118.69999694824219,118.9000015258789,116.5999984741211,117.0999984741211,6948831.0,116.31053161621094,0.0
2023-10-12,119.5999984741211,120.0,116.9000015258789,117.69999694824219,8739630.0,116.90648651123047,0.0
2023-10-13,109.0,110.19999694824219,102.5,104.19999694824219,40812885.0,103.49749755859375,0.0
2023-10-16,104.9000015258789,107.5999984741211,102.0999984741211,103.69999694824219,16265661.0,103.00086975097656,0.0
2023-10-17,107.5,107.5,105.0999984741211,106.0,10018401.0,105.28536987304688,0.0
2023-10-18,103.69999694824219,104.80000305175781,102.19999694824219,102.80000305175781,15618440.0,102.10694122314453,0.0
2023-10-19,99.0,100.0,96.94999694824219,97.19999694824219,25950460.0,96.54469299316406,0.0
2023-10-20,96.05000305175781,97.6500015258789,95.0999984741211,96.6500015258789,12990207.0,95.99840545654297,0.0
2023-10-24,95.5,96.75,93.3499984741211,93.9000015258789,18259565.0,93.2669448852539,0.0
2023-10-25,98.19999694824219,99.0999984741211,95.94999694824219,96.6500015258789,15220177.0,95.99840545654297,0.0
2023-10-26,97.80000305175781,99.5,97.30000305175781,98.0999984741211,11405751.0,97.43862915039062,0.0
2023-10-27,101.0,102.5999984741211,100.4000015258789,101.4000015258789,15340532.0,100.71638488769531,0.0
2023-10-30,100.0,102.5999984741211,100.0,101.30000305175781,9831290.0,100.61705017089844,0.0
2023-10-31,101.30000305175781,101.9000015258789,99.4000015258789,99.80000305175781,5371974.0,99.1271743774414,0.0
2023-11-01,99.19999694824219,100.0,97.19999694824219,98.75,7568142.0,98.08424377441406,0.0
2023-11-02,100.5,101.9000015258789,99.05000305175781,99.4000015258789,4548782.0,98.72986602783203,0.0
2023-11-03,101.19999694824219,104.0,100.19999694824219,103.0999984741211,9700407.0,102.40491485595703,0.0
2023-11-06,106.80000305175781,107.69999694824219,106.0999984741211,107.0,9012380.0,106.27862548828125,0.0
2023-11-07,106.19999694824219,106.4000015258789,104.0,104.5999984741211,6720551.0,103.89480590820312,0.0
2023-11-08,103.5999984741211,105.69999694824219,103.30000305175781,103.69999694824219,7371413.0,103.00086975097656,0.0
2023-11-09,103.19999694824219,103.5999984741211,101.5,102.0999984741211,8392126.0,101.41165924072266,0.0
2023-11-10,99.80000305175781,99.9000015258789,98.4000015258789,99.0,7459545.0,98.33255767822266,0.0
2023-11-13,99.80000305175781,101.19999694824219,98.69999694824219,100.80000305175781,6955880.0,100.12042999267578,0.0
2023-11-14,100.4000015258789,101.19999694824219,98.8499984741211,99.55000305175781,5044540.0,98.87886047363281,0.0
2023-11-15,104.4000015258789,105.9000015258789,103.4000015258789,105.9000015258789,13253618.0,105.18604278564453,0.0
2023-11-16,111.4000015258789,111.4000015258789,106.9000015258789,108.0,19953606.0,107.27188110351562,0.0
2023-11-17,107.4000015258789,108.5,104.4000015258789,105.4000015258789,13989742.0,104.68941497802734,0.0
2023-11-20,107.80000305175781,109.69999694824219,107.19999694824219,108.5999984741211,13348160.0,107.86783599853516,0.0
2023-11-21,110.5999984741211,113.0,110.0999984741211,110.80000305175781,15826463.0,110.05300903320312,0.0
2023-11-22,110.5999984741211,111.0999984741211,109.30000305175781,110.19999694824219,6837913.0,109.4570541381836,0.0
2023-11-23,109.5999984741211,113.0,109.19999694824219,112.5999984741211,6392557.0,111.84087371826172,0.0
2023-11-24,111.4000015258789,112.0999984741211,110.19999694824219,110.5,5397138.0,109.75503540039062,0.0
2023-11-27,112.69999694824219,112.69999694824219,109.5999984741211,110.69999694824219,5193665.0,109.95367431640625,0.0
2023-11-28,109.5,110.0999984741211,107.9000015258789,108.30000305175781,8587054.0,107.56986236572266,0.0
2023-11-29,109.4000015258789,109.69999694824219,105.9000015258789,106.5999984741211,15107674.0,105.8813247680664,0.0
2023-11-30,104.5,107.0,104.5,106.69999694824219,11123904.0,105.98064422607422,0.0
2023-12-01,106.5,107.0,105.30000305175781,105.80000305175781,13866532.0,105.08671569824219,0.0
2023-12-04,106.69999694824219,106.80000305175781,103.4000015258789,103.80000305175781,9475305.0,103.10020446777344,0.0
2023-12-05,102.5999984741211,102.9000015258789,100.9000015258789,102.0999984741211,12432306.0,101.41165924072266,0.0
2023-12-06,102.0999984741211,104.30000305175781,100.4000015258789,103.4000015258789,7681977.0,102.70289611816406,0.0
2023-12-07,102.80000305175781,104.5999984741211,102.0,104.0,5711829.0,103.2988510131836,0.0
2023-12-08,103.4000015258789,105.80000305175781,102.80000305175781,104.80000305175781,10925791.0,104.09346008300781,0.0
2023-12-11,102.0,102.5,96.5999984741211,98.25,23702314.0,97.58761596679688,0.0
2023-12-12,99.5,101.4000015258789,98.25,100.30000305175781,7714227.0,99.62379455566406,0.0
2023-12-13,98.0,98.3499984741211,96.9000015258789,97.9000015258789,11319014.0,97.23997497558594,0.0
2023-12-14,99.5999984741211,100.30000305175781,97.9000015258789,98.80000305175781,10803242.0,98.1339111328125,0.0
2023-12-15,102.19999694824219,109.19999694824219,102.0999984741211,105.69999694824219,28156143.0,104.98738861083984,0.0
2023-12-18,105.0999984741211,106.0999984741211,104.5,105.5,7963448.0,104.78873443603516,0.0
2023-12-19,104.0999984741211,104.19999694824219,101.80000305175781,102.69999694824219,7574945.0,102.00761413574219,0.0
2023-12-20,107.0,107.30000305175781,105.5,106.0999984741211,16275616.0,105.38468933105469,0.0
2023-12-21,104.5,105.9000015258789,104.0,105.30000305175781,8675670.0,104.59009552001953,0.0
2023-12-22,109.19999694824219,110.69999694824219,104.9000015258789,105.80000305175781,16015631.0,105.08671569824219,0.0
2023-12-27,108.19999694824219,108.19999694824219,104.9000015258789,107.19999694824219,8423999.0,106.4772720336914,0.0
2023-12-28,107.5999984741211,113.5,107.4000015258789,112.5999984741211,12534712.0,111.84087371826172,0.0
2023-12-29,112.5999984741211,113.0999984741211,111.30000305175781,112.5,7247700.0,111.74154663085938,0.0
2024-01-02,113.0,113.5,108.5999984741211,109.80000305175781,6377349.0,109.05974578857422,0.0
2024-01-03,106.0,106.5,105.19999694824219,106.30000305175781,6883027.0,105.5833511352539,0.0
2024-01-04,106.69999694824219,107.19999694824219,105.30000305175781,107.0,4594782.0,106.27862548828125,0.0
2024-01-05,106.4000015258789,107.80000305175781,104.0,105.30000305175781,5027820.0,104.59009552001953,0.0
2024-01-08,105.0,105.0,99.25,101.19999694824219,8995344.0,100.5177230834961,0.0
2024-01-09,100.30000305175781,102.0999984741211,97.0,98.0,11759100.0,97.33930206298828,0.0
2024-01-10,98.94999694824219,100.30000305175781,97.3499984741211,98.19999694824219,5495993.0,97.53794860839844,0.0
2024-01-11,99.0999984741211,101.30000305175781,98.4000015258789,99.9000015258789,6559195.0,99.22649383544922,0.0
2024-01-12,98.5,100.5,97.55000305175781,98.30000305175781,5737024.0,97.63728332519531,0.0
2024-01-15,97.94999694824219,97.94999694824219,97.94999694824219,97.94999694824219,0.0,97.28963470458984,0.0
2024-01-16,96.25,96.3499984741211,93.3499984741211,93.4000015258789,8955773.0,92.77031707763672,0.0
2024-01-17,92.30000305175781,93.0999984741211,86.5999984741211,87.75,16975185.0,87.15840911865234,0.0
2024-01-18,87.44999694824219,87.55000305175781,85.4000015258789,86.30000305175781,16211614.0,85.71818542480469,0.0
2024-01-19,85.25,86.8499984741211,83.0,84.1500015258789,12478533.0,83.58267974853516,0.0
2024-01-22,85.55000305175781,85.75,81.55000305175781,82.5,16209371.0,81.94380187988281,0.0
2024-01-23,84.0999984741211,88.30000305175781,83.6500015258789,86.3499984741211,14441806.0,85.76783752441406,0.0
2024-01-24,89.75,91.05000305175781,85.0999984741211,90.4000015258789,20918444.0,89.79054260253906,0.0
2024-01-25,91.80000305175781,93.80000305175781,90.6500015258789,93.5,18498485.0,92.86964416503906,0.0
2024-01-26,92.80000305175781,94.5999984741211,90.6500015258789,91.3499984741211,10761230.0,90.73413848876953,0.0
2024-01-29,92.9000015258789,94.9000015258789,92.8499984741211,93.3499984741211,8842093.0,92.72064971923828,0.0
2024-01-30,89.94999694824219,91.44999694824219,89.0,89.55000305175781,11299168.0,88.94627380371094,0.0
2024-01-31,89.55000305175781,89.9000015258789,85.94999694824219,86.80000305175781,7077293.0,86.21481323242188,0.0
2024-02-01,87.5,90.0,86.5,87.5,11207603.0,86.91008758544922,0.0
2024-02-02,88.5999984741211,89.69999694824219,85.1500015258789,86.0,10337045.0,85.42020416259766,0.0
2024-02-05,84.1500015258789,87.44999694824219,83.5999984741211,86.05000305175781,9479278.0,85.46986389160156,0.0
2024-02-06,87.1500015258789,93.0999984741211,87.1500015258789,92.75,15710130.0,92.12469482421875,0.0
2024-02-07,93.9000015258789,95.75,89.30000305175781,90.3499984741211,14805097.0,89.7408676147461,0.0
2024-02-08,89.94999694824219,90.5999984741211,86.8499984741211,88.0,9851269.0,87.40672302246094,0.0
2024-02-09,86.30000305175781,86.30000305175781,86.30000305175781,86.30000305175781,0.0,85.71818542480469,0.0
2024-02-14,85.55000305175781,89.30000305175781,84.30000305175781,89.0999984741211,5862054.0,88.49929809570312,0.0
2024-02-15,89.0999984741211,91.9000015258789,88.6500015258789,91.25,5123451.0,90.63480377197266,0.0
2024-02-16,92.0999984741211,96.5,91.94999694824219,95.75,9890087.0,95.1044692993164,0.0
2024-02-19,93.8499984741211,94.5,90.80000305175781,91.8499984741211,9221316.0,91.23075866699219,0.0
2024-02-20,92.44999694824219,93.25,88.5,91.69999694824219,11009957.0,91.08177185058594,0.0
2024-02-21,90.94999694824219,96.5999984741211,90.0,94.19999694824219,11055109.0,93.5649185180664,0.0
2024-02-22,93.5999984741211,95.3499984741211,91.69999694824219,95.3499984741211,8052238.0,94.70716857910156,0.0
2024-02-23,93.19999694824219,95.3499984741211,93.05000305175781,93.75,9888466.0,93.11795806884766,0.0
2024-02-26,92.25,94.1500015258789,92.25,93.05000305175781,6722924.0,92.42267608642578,0.0
2024-02-27,92.55000305175781,94.0999984741211,90.05000305175781,93.75,9709631.0,93.11795806884766,0.0
2024-02-28,94.4000015258789,94.8499984741211,90.8499984741211,91.19999694824219,9110809.0,90.58514404296875,0.0
2024-02-29,89.4000015258789,90.75,88.3499984741211,89.05000305175781,17404039.0,88.44964599609375,0.0
2024-03-01,88.75,90.69999694824219,87.1500015258789,90.55000305175781,14329745.0,89.93952941894531,0.0
2024-03-04,90.9000015258789,91.4000015258789,88.5999984741211,89.5,9592604.0,88.8966064453125,0.0
2024-03-05,84.55000305175781,85.69999694824219,82.5999984741211,82.75,22703302.0,82.1921157836914,0.0
2024-03-06,84.05000305175781,90.80000305175781,84.05000305175781,89.19999694824219,21595354.0,88.59862518310547,0.0
2024-03-07,96.5,97.8499984741211,93.5,94.55000305175781,29527563.0,93.91255950927734,0.0
2024-03-08,94.0,94.8499984741211,92.5,92.5999984741211,12622603.0,91.9757080078125,0.0
2024-03-11,96.0,100.4000015258789,96.0,98.55000305175781,20227329.0,97.8855972290039,0.0
2024-03-12,102.30000305175781,107.19999694824219,101.0999984741211,106.30000305175781,25208723.0,105.5833511352539,0.0
2024-03-13,106.0,107.4000015258789,105.69999694824219,106.30000305175781,12638403.0,105.5833511352539,0.0
2024-03-14,109.80000305175781,110.5,105.30000305175781,106.4000015258789,15545395.0,105.68267059326172,0.0
2024-03-15,105.0,105.4000015258789,102.30000305175781,104.5,16502616.0,103.79547882080078,0.0
2024-03-18,106.5999984741211,109.0,106.0,107.30000305175781,9995611.0,106.57660675048828,0.0
2024-03-19,107.5,108.4000015258789,105.9000015258789,106.5999984741211,9010009.0,105.8813247680664,0.0
2024-03-20,107.5,107.80000305175781,105.5,106.9000015258789,5510732.0,106.17930603027344,0.0
2024-03-21,109.80000305175781,111.0,108.5999984741211,109.4000015258789,12432625.0,108.66244506835938,0.0
2024-03-22,105.80000305175781,106.30000305175781,102.4000015258789,103.5999984741211,16202655.0,102.90154266357422,0.0
2024-03-25,105.0,106.5,102.0,103.30000305175781,9172224.0,102.60357666015625,0.0
2024-03-26,104.9000015258789,106.19999694824219,103.4000015258789,104.69999694824219,8559644.0,103.99413299560547,0.0
2024-03-27,103.0,103.0999984741211,100.80000305175781,102.19999694824219,8621994.0,101.51097869873047,0.0
2024-03-28,105.30000305175781,109.9000015258789,105.30000305175781,107.9000015258789,15731624.0,107.17256164550781,0.0
2024-04-02,108.5999984741211,110.5,107.69999694824219,108.69999694824219,8226338.0,107.9671630859375,0.0
2024-04-03,105.0999984741211,106.0,103.80000305175781,104.4000015258789,8298416.0,104.0599365234375,2.970764
2024-04-05,103.0,103.5,99.94999694824219,102.9000015258789,8997731.0,102.5648193359375,0.0
2024-04-08,100.9000015258789,103.4000015258789,100.5,102.30000305175781,4917849.0,101.9667739868164,0.0
2024-04-09,102.30000305175781,103.5999984741211,100.69999694824219,101.5999984741211,7257487.0,101.26905059814453,0.0
2024-04-10,103.69999694824219,108.0,103.4000015258789,106.4000015258789,12158080.0,106.05342102050781,0.0
2024-04-11,103.4000015258789,106.19999694824219,103.0999984741211,105.80000305175781,5841538.0,105.45537567138672,0.0
2024-04-12,104.69999694824219,105.4000015258789,102.0,102.4000015258789,8898196.0,102.06645202636719,0.0
2024-04-15,99.5,101.69999694824219,99.4000015258789,101.19999694824219,5830771.0,100.87035369873047,0.0
2024-04-16,98.6500015258789,99.80000305175781,98.0,98.8499984741211,8739613.0,98.52800750732422,0.0
2024-04-17,98.8499984741211,100.69999694824219,97.3499984741211,98.75,6820563.0,98.42833709716797,0.0
2024-04-18,98.0,98.9000015258789,96.05000305175781,98.05000305175781,8804974.0,97.73062133789062,0.0
2024-04-19,97.1500015258789,97.94999694824219,95.69999694824219,97.30000305175781,9215461.0,96.98306274414062,0.0
2024-04-22,99.8499984741211,102.5999984741211,99.8499984741211,100.5,7587428.0,100.17263793945312,0.0
2024-04-23,105.5,107.30000305175781,104.5,106.5999984741211,17308866.0,106.25276947021484,0.0
2024-04-24,108.0,111.5999984741211,107.80000305175781,111.19999694824219,13271677.0,110.83778381347656,0.0
2024-04-25,110.0,113.69999694824219,109.80000305175781,111.30000305175781,10219026.0,110.93746185302734,0.0
2024-04-26,111.30000305175781,118.80000305175781,111.30000305175781,117.69999694824219,17505997.0,117.31661224365234,0.0
2024-04-29,118.80000305175781,122.0,117.80000305175781,118.0,16217457.0,117.61563110351562,0.0
2024-04-30,117.0,117.5999984741211,113.80000305175781,114.80000305175781,12279321.0,114.42606353759766,0.0
2024-05-02,115.4000015258789,121.9000015258789,114.9000015258789,120.4000015258789,18233076.0,120.00782012939453,0.0
2024-05-03,126.80000305175781,128.6999969482422,124.0999984741211,127.0,21289942.0,126.58631896972656,0.0
2024-05-06,127.30000305175781,128.1999969482422,124.0999984741211,127.5,14862899.0,127.08468627929688,0.0
2024-05-07,127.4000015258789,127.5,124.0999984741211,124.80000305175781,8841190.0,124.39348602294922,0.0
2024-05-08,125.5,127.5999984741211,123.4000015258789,124.4000015258789,11089037.0,123.99478912353516,0.0
2024-05-09,124.4000015258789,126.69999694824219,123.5999984741211,125.69999694824219,7448578.0,125.2905502319336,0.0
2024-05-10,125.80000305175781,127.4000015258789,123.69999694824219,126.5999984741211,7766813.0,126.1876220703125,0.0
2024-05-13,125.5999984741211,130.5,123.0,129.3000030517578,14569054.0,128.8788299560547,0.0
2024-05-14,130.89999389648438,132.89999389648438,128.39999389648438,129.10000610351562,11643351.0,128.6794891357422,0.0
2024-05-16,130.3000030517578,133.60000610351562,128.10000610351562,132.39999389648438,14900952.0,131.96871948242188,0.0
2024-05-17,134.5,134.8000030517578,130.6999969482422,134.10000610351562,14162594.0,133.66319274902344,0.0
2024-05-20,135.3000030517578,138.8000030517578,135.3000030517578,136.8000030517578,13811498.0,136.35440063476562,0.0
2024-05-21,134.39999389648438,135.89999389648438,132.0,132.0,10233343.0,131.57003784179688,0.0
2024-05-22,129.89999389648438,130.6999969482422,128.3000030517578,129.0,16948826.0,128.57980346679688,0.0
2024-05-23,127.9000015258789,127.9000015258789,123.19999694824219,123.69999694824219,23101808.0,123.29706573486328,0.0
2024-05-24,122.19999694824219,122.5,118.80000305175781,119.5999984741211,14245326.0,119.21041870117188,0.0
2024-05-27,118.19999694824219,119.19999694824219,116.9000015258789,118.80000305175781,11062249.0,118.41303253173828,0.0
2024-05-28,118.80000305175781,120.69999694824219,117.4000015258789,118.30000305175781,7031783.0,117.91465759277344,0.0
2024-05-29,116.30000305175781,116.5999984741211,113.19999694824219,114.5,14081856.0,114.12703704833984,0.0
2024-05-30,113.9000015258789,116.0,112.69999694824219,113.4000015258789,8526887.0,113.0306167602539,0.0
2024-05-31,117.0999984741211,117.9000015258789,113.5999984741211,113.9000015258789,18668150.0,113.52899169921875,0.0
2024-06-03,115.69999694824219,117.69999694824219,115.5999984741211,116.80000305175781,10309258.0,116.41954803466797,0.0
2024-06-04,116.4000015258789,118.0999984741211,116.19999694824219,117.19999694824219,8831876.0,116.8182373046875,0.0
2024-06-05,118.4000015258789,122.0,118.4000015258789,119.4000015258789,12572423.0,119.01107788085938,0.0
2024-06-06,120.19999694824219,121.80000305175781,115.80000305175781,117.4000015258789,9243867.0,117.01759338378906,0.0
2024-06-07,117.0,117.19999694824219,113.9000015258789,115.69999694824219,19544114.0,115.3231201171875,0.0
2024-06-11,115.30000305175781,116.5,113.5999984741211,115.69999694824219,9788850.0,115.3231201171875,0.0
2024-06-12,114.4000015258789,115.19999694824219,113.4000015258789,113.80000305175781,7249627.0,113.4293212890625,0.0
2024-06-13,116.0,117.0,114.30000305175781,116.0,8636840.0,115.62214660644531,0.0
2024-06-14,114.69999694824219,115.30000305175781,113.69999694824219,113.9000015258789,12326895.0,113.52899169921875,0.0
2024-06-17,113.19999694824219,113.9000015258789,111.5999984741211,113.0999984741211,11105898.0,112.7315902709961,0.0
2024-06-18,112.69999694824219,115.19999694824219,112.5999984741211,112.9000015258789,5585671.0,112.5322494506836,0.0
2024-06-19,114.0,115.5,113.4000015258789,115.19999694824219,10115922.0,114.82475280761719,0.0
2024-06-20,115.19999694824219,116.0999984741211,112.0999984741211,112.4000015258789,9148312.0,112.03387451171875,0.0
2024-06-21,111.0,111.5999984741211,108.4000015258789,109.5,13998429.0,109.14331817626953,0.0
2024-06-24,108.5,110.4000015258789,108.0999984741211,110.0999984741211,4901905.0,109.74136352539062,0.0
2024-06-25,110.0999984741211,110.4000015258789,107.69999694824219,109.4000015258789,7581942.0,109.04364776611328,0.0
2024-06-26,107.19999694824219,109.0,106.19999694824219,107.9000015258789,8209914.0,107.54853820800781,0.0
2024-06-27,106.9000015258789,107.0999984741211,105.0,105.5,10517585.0,105.1563491821289,0.0
2024-06-28,102.69999694824219,105.19999694824219,102.0999984741211,103.30000305175781,9632889.0,102.9635238647461,0.0
2024-07-02,100.30000305175781,102.80000305175781,99.69999694824219,101.19999694824219,11626572.0,100.87035369873047,0.0
2024-07-03,101.9000015258789,104.19999694824219,101.5,103.30000305175781,6863954.0,102.9635238647461,0.0
2024-07-04,105.19999694824219,105.5,102.5,103.4000015258789,4204980.0,103.06319427490234,0.0
2024-07-05,102.19999694824219,103.9000015258789,102.19999694824219,102.69999694824219,4995561.0,102.36547088623047,0.0
2024-07-08,103.5,104.80000305175781,101.9000015258789,103.0,7800537.0,102.66449737548828,0.0
2024-07-09,102.5999984741211,103.19999694824219,101.19999694824219,102.19999694824219,9086495.0,101.86709594726562,0.0
2024-07-10,104.0,105.80000305175781,103.5999984741211,103.9000015258789,9272374.0,103.56156158447266,0.0
2024-07-11,105.0,107.4000015258789,104.80000305175781,106.80000305175781,9029729.0,106.45211791992188,0.0
2024-07-12,112.0,112.9000015258789,111.30000305175781,112.0,12848942.0,111.63517761230469,0.0
2024-07-15,109.30000305175781,109.5999984741211,105.9000015258789,106.69999694824219,9536268.0,106.3524398803711,0.0
2024-07-16,104.0999984741211,105.0999984741211,102.9000015258789,104.5,9798416.0,104.15960693359375,0.0
2024-07-17,105.0999984741211,107.5999984741211,105.0999984741211,106.69999694824219,8369289.0,106.3524398803711,0.0
2024-07-18,105.30000305175781,106.9000015258789,104.80000305175781,106.19999694824219,5174988.0,105.85406494140625,0.0
2024-07-19,103.0999984741211,104.0,102.19999694824219,102.69999694824219,9164098.0,102.36547088623047,0.0
2024-07-22,102.80000305175781,105.0,102.30000305175781,104.0999984741211,4754611.0,103.76091003417969,0.0
2024-07-23,104.5999984741211,104.69999694824219,102.0999984741211,102.5999984741211,5279349.0,102.26579284667969,0.0
2024-07-24,102.30000305175781,103.0,100.0,100.5999984741211,5824334.0,100.27230834960938,0.0
2024-07-25,100.5,101.69999694824219,99.1500015258789,99.30000305175781,5237869.0,98.97654724121094,0.0
2024-07-26,102.4000015258789,104.19999694824219,101.5999984741211,102.30000305175781,7380146.0,101.9667739868164,0.0
2024-07-29,104.30000305175781,105.0999984741211,103.19999694824219,103.69999694824219,5797698.0,103.36221313476562,0.0
2024-07-30,103.0,103.4000015258789,101.5999984741211,102.19999694824219,6356280.0,101.86709594726562,0.0
2024-07-31,102.19999694824219,104.5999984741211,101.69999694824219,104.0,10273622.0,103.66123962402344,0.0
2024-08-01,102.0,102.5,98.6500015258789,99.94999694824219,14151808.0,99.62442779541016,0.0
2024-08-02,98.4000015258789,98.8499984741211,97.25,98.4000015258789,7668304.0,98.07948303222656,0.0
2024-08-05,96.55000305175781,98.5999984741211,94.6500015258789,96.94999694824219,9615737.0,96.63420104980469,0.0
2024-08-06,98.5,99.55000305175781,97.5,97.69999694824219,8535159.0,97.38175201416016,0.0
2024-08-07,99.25,101.0,98.55000305175781,99.75,7532838.0,99.42507934570312,0.0
2024-08-08,98.80000305175781,100.80000305175781,97.30000305175781,98.8499984741211,6599583.0,98.52800750732422,0.0
2024-08-09,100.69999694824219,101.69999694824219,99.9000015258789,100.19999694824219,5115016.0,99.87361145019531,0.0
2024-08-12,100.69999694824219,101.19999694824219,98.75,100.0999984741211,5645290.0,99.77394104003906,0.0
2024-08-13,101.19999694824219,102.0,99.9000015258789,100.80000305175781,4867450.0,100.47166442871094,0.0
2024-08-14,101.19999694824219,101.69999694824219,100.5999984741211,100.80000305175781,5233998.0,100.47166442871094,0.0
2024-08-15,100.5999984741211,100.5999984741211,98.05000305175781,99.3499984741211,8664745.0,99.02638244628906,0.0
2024-08-16,105.80000305175781,108.80000305175781,104.4000015258789,108.19999694824219,21019773.0,107.8475570678711,0.0
2024-08-19,113.80000305175781,114.9000015258789,112.0,112.4000015258789,15036115.0,112.03387451171875,0.0
2024-08-20,114.80000305175781,114.80000305175781,111.5,112.19999694824219,10894015.0,111.83452606201172,0.0
2024-08-21,99.80000305175781,103.0,98.69999694824219,102.4000015258789,68726949.0,102.06645202636719,0.0
2024-08-22,105.30000305175781,106.0,103.0,106.0,19718862.0,105.65472412109375,0.0
2024-08-23,103.9000015258789,106.0,103.69999694824219,105.9000015258789,11966687.0,105.55504608154297,0.0
2024-08-26,105.0999984741211,106.0,104.5999984741211,105.5999984741211,24792182.0,105.25602722167969,0.0
2024-08-27,101.0,101.9000015258789,99.75,101.69999694824219,16786491.0,101.36872863769531,0.0
2024-08-28,103.30000305175781,104.30000305175781,102.5,103.5,15531874.0,103.1628646850586,0.0
2024-08-29,101.19999694824219,103.5,100.80000305175781,103.5,12215844.0,103.1628646850586,0.0
2024-08-30,103.19999694824219,108.80000305175781,102.5,107.19999694824219,27527908.0,106.8508071899414,0.0
2024-09-02,106.0,106.30000305175781,104.19999694824219,105.0999984741211,8989836.0,104.75765228271484,0.0
2024-09-03,105.0999984741211,106.5,104.30000305175781,104.9000015258789,4588106.0,104.55830383300781,0.0
2024-09-04,104.0999984741211,106.9000015258789,103.5,105.80000305175781,10613993.0,105.45537567138672,0.0
2024-09-05,105.0999984741211,105.80000305175781,103.0999984741211,104.30000305175781,8587971.0,103.96026611328125,0.0
2024-09-09,103.0,103.0,100.19999694824219,101.19999694824219,15785695.0,100.87035369873047,0.0
2024-09-10,101.0999984741211,103.0,100.19999694824219,102.4000015258789,10854893.0,102.06645202636719,0.0
2024-09-11,100.80000305175781,102.19999694824219,100.30000305175781,101.9000015258789,7681109.0,101.56807708740234,0.0
2024-09-12,103.5,105.30000305175781,103.30000305175781,104.4000015258789,8891733.0,104.0599365234375,0.0
2024-09-13,105.0,105.80000305175781,104.0999984741211,104.30000305175781,4603415.0,103.96026611328125,0.0
2024-09-16,102.0,103.4000015258789,101.4000015258789,103.4000015258789,6451995.0,103.06319427490234,0.0
2024-09-17,103.0,104.80000305175781,102.4000015258789,104.30000305175781,9140642.0,103.96026611328125,0.0
2024-09-19,105.5,112.5,104.80000305175781,111.80000305175781,23899137.0,111.43583679199219,0.0
2024-09-20,111.4000015258789,113.69999694824219,110.80000305175781,112.5999984741211,17251225.0,112.23322296142578,0.0
2024-09-23,112.5999984741211,115.4000015258789,111.9000015258789,113.0999984741211,13739549.0,112.7315902709961,0.0
2024-09-24,118.0,124.80000305175781,116.5999984741211,124.5999984741211,33165967.0,124.19413757324219,0.0
2024-09-25,130.60000610351562,130.89999389648438,125.0,125.80000305175781,28488437.0,125.39022827148438,0.0
2024-09-26,129.10000610351562,138.89999389648438,128.1999969482422,138.5,34768705.0,138.04885864257812,0.0
2024-09-27,147.6999969482422,155.1999969482422,146.6999969482422,152.0,47797976.0,151.5048828125,0.0
2024-09-30,159.60000610351562,170.60000610351562,156.3000030517578,167.10000610351562,50016517.0,166.5557098388672,0.0
2024-10-02,168.1999969482422,192.3000030517578,168.10000610351562,185.10000610351562,45744282.0,184.4970703125,0.0
2024-10-03,176.5,177.10000610351562,164.0,170.39999389648438,45132324.0,169.84494018554688,0.0
2024-10-04,174.0,185.60000610351562,171.5,182.8000030517578,26538078.0,182.20455932617188,0.0
2024-10-07,186.60000610351562,189.60000610351562,180.60000610351562,185.10000610351562,24305099.0,184.4970703125,0.0
2024-10-08,172.39999389648438,177.8000030517578,157.8000030517578,163.0,47649791.0,162.46905517578125,0.0
2024-10-09,170.39999389648438,171.3000030517578,158.5,161.60000610351562,31419471.0,161.07362365722656,0.0
2024-10-10,166.0,172.60000610351562,164.0,167.10000610351562,18590330.0,166.5557098388672,0.0
2024-10-14,167.39999389648438,173.0,162.60000610351562,168.6999969482422,24134724.0,168.15048217773438,0.0
2024-10-15,169.89999389648438,171.3000030517578,158.3000030517578,160.39999389648438,25564137.0,159.8775177001953,0.0
2024-10-16,157.1999969482422,158.6999969482422,153.3000030517578,155.39999389648438,22066852.0,154.893798828125,0.0
2024-10-17,158.3000030517578,163.1999969482422,153.5,154.6999969482422,16272763.0,154.1960906982422,0.0
2024-10-18,150.5,162.10000610351562,149.3000030517578,158.8000030517578,23802259.0,158.28274536132812,0.0
2024-10-21,156.1999969482422,157.5,153.8000030517578,154.89999389648438,17699380.0,154.3954315185547,0.0
2024-10-22,155.0,158.10000610351562,152.89999389648438,154.39999389648438,13297848.0,153.89706420898438,0.0
2024-10-23,154.89999389648438,160.0,153.1999969482422,159.0,10794964.0,158.48208618164062,0.0
2024-10-24,156.10000610351562,156.89999389648438,153.5,154.1999969482422,12061663.0,153.69772338867188,0.0
2024-10-25,154.60000610351562,157.6999969482422,154.5,156.1999969482422,7852941.0,155.6912078857422,0.0
2024-10-28,156.1999969482422,159.1999969482422,155.3000030517578,158.1999969482422,7184912.0,157.6846923828125,0.0
2024-10-29,161.3000030517578,167.1999969482422,161.1999969482422,162.5,11705277.0,161.97068786621094,0.0
2024-10-30,159.1999969482422,159.8000030517578,155.0,155.89999389648438,11948683.0,155.39218139648438,0.0
2024-10-31,156.89999389648438,158.10000610351562,155.3000030517578,155.5,8353682.0,154.9934844970703,0.0
2024-11-01,159.0,161.10000610351562,157.5,158.10000610351562,7662567.0,157.58502197265625,0.0
2024-11-04,158.6999969482422,159.0,154.0,156.10000610351562,5991618.0,155.59153747558594,0.0
2024-11-05,153.89999389648438,158.60000610351562,153.89999389648438,158.60000610351562,7253485.0,158.08338928222656,0.0
2024-11-06,154.39999389648438,154.60000610351562,148.6999969482422,152.0,17258974.0,151.5048828125,0.0
2024-11-07,150.10000610351562,154.3000030517578,148.6999969482422,153.60000610351562,12510690.0,153.0996856689453,0.0
2024-11-08,160.1999969482422,161.8000030517578,154.6999969482422,155.3000030517578,15683497.0,154.7941436767578,0.0
2024-11-11,147.1999969482422,153.3000030517578,147.1999969482422,151.6999969482422,10836896.0,151.2058563232422,0.0
2024-11-12,150.89999389648438,151.89999389648438,142.5,144.10000610351562,19253570.0,143.63063049316406,0.0
2024-11-13,140.39999389648438,141.8000030517578,139.5,141.8000030517578,14041060.0,141.33811950683594,0.0
2024-11-14,139.0,139.6999969482422,133.5,135.10000610351562,18896815.0,134.65994262695312,0.0
2024-11-15,130.89999389648438,134.6999969482422,128.8000030517578,132.60000610351562,16384486.0,132.1680908203125,0.0
2024-11-18,138.0,139.0,136.5,137.39999389648438,14444133.0,136.9524383544922,0.0
2024-11-19,136.89999389648438,138.5,136.1999969482422,137.1999969482422,8753612.0,136.7530975341797,0.0
2024-11-20,136.5,138.89999389648438,136.0,137.5,5058507.0,137.0521240234375,0.0
2024-11-21,137.3000030517578,139.3000030517578,136.8000030517578,137.89999389648438,8301033.0,137.4508056640625,0.0
2024-11-22,140.1999969482422,141.10000610351562,136.6999969482422,137.5,17737130.0,137.0521240234375,0.0
2024-11-25,135.3000030517578,136.39999389648438,132.3000030517578,133.3000030517578,17860146.0,132.8657989501953,0.0
2024-11-26,132.39999389648438,136.8000030517578,132.39999389648438,135.8000030517578,11752469.0,135.35765075683594,0.0
2024-11-27,138.89999389648438,143.6999969482422,137.3000030517578,142.60000610351562,12799681.0,142.13551330566406,0.0
2024-11-28,144.60000610351562,144.60000610351562,141.5,142.1999969482422,11124648.0,141.73680114746094,0.0
2024-11-29,142.0,146.10000610351562,141.6999969482422,143.8000030517578,8237247.0,143.33160400390625,0.0
2024-12-02,146.0,148.3000030517578,145.0,147.3000030517578,10532772.0,146.8201904296875,0.0
2024-12-03,147.8000030517578,148.0,143.10000610351562,145.3000030517578,10169128.0,144.8267059326172,0.0
2024-12-04,144.1999969482422,144.3000030517578,141.39999389648438,142.39999389648438,9154441.0,141.93614196777344,0.0
2024-12-05,140.3000030517578,142.1999969482422,138.3000030517578,142.1999969482422,13759352.0,141.73680114746094,0.0
2024-12-06,142.89999389648438,146.6999969482422,141.60000610351562,146.60000610351562,22018351.0,146.1224822998047,0.0
2024-12-09,145.10000610351562,153.0,142.3000030517578,152.1999969482422,18060947.0,151.7042236328125,0.0
2024-12-10,160.89999389648438,161.60000610351562,153.1999969482422,153.3000030517578,20477627.0,152.8006591796875,0.0
2024-12-11,154.5,155.89999389648438,148.1999969482422,149.0,10428396.0,148.51466369628906,0.0
2024-12-12,149.1999969482422,150.39999389648438,145.10000610351562,147.8000030517578,15938415.0,147.31857299804688,0.0
2024-12-13,147.8000030517578,147.8000030517578,143.5,144.39999389648438,17973757.0,143.9296417236328,0.0
2024-12-16,144.39999389648438,146.6999969482422,142.89999389648438,144.0,7875004.0,143.53094482421875,0.0
2024-12-17,142.0,145.1999969482422,141.10000610351562,142.1999969482422,9084175.0,141.73680114746094,0.0
2024-12-18,145.1999969482422,145.6999969482422,143.10000610351562,144.0,5347904.0,143.53094482421875,0.0
2024-12-19,141.89999389648438,142.6999969482422,140.6999969482422,141.6999969482422,8105059.0,141.23843383789062,0.0
2024-12-20,140.5,141.5,137.39999389648438,137.39999389648438,23018242.0,136.9524383544922,0.0
2024-12-23,139.5,140.6999969482422,137.8000030517578,139.60000610351562,6401037.0,139.14527893066406,0.0
2024-12-24,141.39999389648438,141.39999389648438,141.39999389648438,141.39999389648438,0.0,140.9394073486328,0.0
2024-12-27,138.6999969482422,139.60000610351562,134.60000610351562,135.89999389648438,8639058.0,135.4573211669922,0.0
2024-12-30,136.5,137.1999969482422,134.1999969482422,134.6999969482422,5818998.0,134.26123046875,0.0
2024-12-31,135.89999389648438,135.89999389648438,135.89999389648438,135.89999389648438,0.0,135.4573211669922,0.0
2025-01-02,132.89999389648438,133.8000030517578,130.8000030517578,132.5,10338375.0,132.0684051513672,0.0
2025-01-03,134.39999389648438,136.3000030517578,132.60000610351562,134.1999969482422,9781570.0,133.7628631591797,0.0
2025-01-06,137.5,137.8000030517578,135.0,135.6999969482422,8152282.0,135.2579803466797,0.0
2025-01-07,135.6999969482422,137.1999969482422,132.8000030517578,135.0,10120538.0,134.5602569580078,0.0
2025-01-08,136.5,138.3000030517578,133.39999389648438,135.3000030517578,10327410.0,134.85928344726562,0.0
2025-01-09,134.6999969482422,135.1999969482422,132.39999389648438,133.1999969482422,5896281.0,132.76611328125,0.0
2025-01-10,133.8000030517578,133.89999389648438,130.3000030517578,130.89999389648438,6650231.0,130.47360229492188,0.0
2025-01-13,129.60000610351562,129.60000610351562,126.5999984741211,129.0,6263756.0,128.57980346679688,0.0
2025-01-14,129.6999969482422,137.0,129.6999969482422,135.89999389648438,11784415.0,135.4573211669922,0.0
2025-01-15,134.8000030517578,138.0,133.89999389648438,137.10000610351562,7551753.0,136.65342712402344,0.0
2025-01-16,137.3000030517578,140.1999969482422,137.3000030517578,140.10000610351562,7810928.0,139.64364624023438,0.0
2025-01-17,137.8000030517578,148.1999969482422,137.39999389648438,146.6999969482422,19783768.0,146.22215270996094,0.0
2025-01-20,152.60000610351562,158.3000030517578,152.10000610351562,157.39999389648438,21426774.0,156.8872833251953,0.0
2025-01-21,159.0,159.3000030517578,155.10000610351562,158.39999389648438,11460196.0,157.884033203125,0.0
2025-01-22,151.10000610351562,153.1999969482422,150.60000610351562,151.60000610351562,23216064.0,151.106201171875,0.0
2025-01-23,152.6999969482422,154.0,150.0,151.1999969482422,10582489.0,150.70748901367188,0.0
2025-01-24,150.39999389648438,157.0,150.1999969482422,155.6999969482422,12839453.0,155.1928253173828,0.0
2025-01-27,157.60000610351562,159.60000610351562,156.39999389648438,157.3000030517578,10348930.0,156.78762817382812,0.0
2025-01-28,157.0,157.0,157.0,157.0,0.0,156.4886016845703,0.0
2025-02-03,152.39999389648438,152.8000030517578,147.1999969482422,151.89999389648438,16874796.0,151.40521240234375,0.0
2025-02-04,156.1999969482422,162.10000610351562,155.89999389648438,162.10000610351562,17827300.0,161.57199096679688,0.0
2025-02-05,160.8000030517578,160.8000030517578,153.3000030517578,156.5,15836502.0,155.990234375,0.0
2025-02-06,154.6999969482422,157.89999389648438,154.3000030517578,157.6999969482422,8374946.0,157.18630981445312,0.0
2025-02-07,156.0,158.60000610351562,154.6999969482422,157.10000610351562,11026726.0,156.58827209472656,0.0
2025-02-10,157.0,161.60000610351562,156.60000610351562,161.5,11303750.0,160.97393798828125,0.0
2025-02-11,163.39999389648438,164.39999389648438,158.3000030517578,158.5,11564784.0,157.9837188720703,0.0
2025-02-12,160.5,161.6999969482422,153.5,156.10000610351562,17600967.0,155.59153747558594,0.0
2025-02-13,153.39999389648438,159.39999389648438,149.5,151.5,27373656.0,151.0065155029297,0.0
2025-02-14,155.0,163.0,155.0,163.0,24858873.0,162.46905517578125,0.0
2025-02-17,164.0,164.8000030517578,155.5,157.10000610351562,17128732.0,156.58827209472656,0.0
2025-02-18,158.3000030517578,159.8000030517578,154.8000030517578,156.60000610351562,16099549.0,156.08990478515625,0.0
2025-02-19,151.89999389648438,155.6999969482422,150.1999969482422,154.1999969482422,13987154.0,153.69772338867188,0.0
2025-02-20,153.8000030517578,155.3000030517578,150.8000030517578,153.6999969482422,13279250.0,153.1993408203125,0.0
2025-02-21,160.6999969482422,161.8000030517578,156.1999969482422,161.60000610351562,17894279.0,161.07362365722656,0.0
2025-02-24,161.6999969482422,164.3000030517578,158.10000610351562,161.10000610351562,14895758.0,160.57525634765625,0.0
2025-02-25,153.0,157.6999969482422,152.1999969482422,155.0,16418884.0,154.4951171875,0.0
2025-02-26,157.8000030517578,169.6999969482422,157.8000030517578,168.10000610351562,27699130.0,167.5524444580078,0.0
2025-02-27,166.6999969482422,169.89999389648438,165.1999969482422,167.1999969482422,17368443.0,166.65536499023438,0.0
2025-02-28,164.89999389648438,166.60000610351562,159.0,160.60000610351562,16684324.0,160.07687377929688,0.0
2025-03-03,161.3000030517578,164.89999389648438,157.3000030517578,159.0,18694436.0,158.48208618164062,0.0
2025-03-04,156.1999969482422,160.89999389648438,154.3000030517578,160.1999969482422,9078856.0,159.6781768798828,0.0
2025-03-05,160.89999389648438,165.6999969482422,159.60000610351562,165.10000610351562,11230845.0,164.56222534179688,0.0
2025-03-06,168.8000030517578,180.8000030517578,168.39999389648438,179.0,27581261.0,178.41693115234375,0.0
2025-03-07,173.8000030517578,177.39999389648438,168.5,170.10000610351562,34873936.0,169.54592895507812,0.0
2025-03-10,165.8000030517578,168.60000610351562,161.3000030517578,162.3000030517578,21324098.0,161.77133178710938,0.0
2025-03-11,157.3000030517578,160.60000610351562,155.60000610351562,160.10000610351562,22572980.0,159.57850646972656,0.0
2025-03-12,159.5,160.6999969482422,154.3000030517578,156.6999969482422,17331449.0,156.1895751953125,0.0
2025-03-13,157.6999969482422,159.89999389648438,155.8000030517578,157.1999969482422,12843862.0,156.6879425048828,0.0
2025-03-14,161.5,166.89999389648438,158.39999389648438,165.60000610351562,19093438.0,165.0605926513672,0.0
2025-03-17,171.3000030517578,171.89999389648438,168.0,169.0,13084601.0,168.4495086669922,0.0
2025-03-18,175.39999389648438,178.0,172.89999389648438,177.89999389648438,17627921.0,177.3205108642578,0.0
2025-03-19,176.6999969482422,177.8000030517578,174.5,176.1999969482422,11341539.0,175.6260528564453,0.0
2025-03-20,175.60000610351562,175.60000610351562,166.1999969482422,167.5,13554596.0,166.9543914794922,0.0
2025-03-21,168.89999389648438,170.0,162.6999969482422,162.89999389648438,15013036.0,162.36936950683594,0.0
2025-03-24,165.1999969482422,167.60000610351562,162.1999969482422,166.60000610351562,9185640.0,166.0573272705078,0.0
2025-03-25,165.60000610351562,166.39999389648438,161.10000610351562,161.1999969482422,9389015.0,160.67491149902344,0.0
2025-03-26,161.0,164.6999969482422,161.0,164.10000610351562,9153598.0,163.5654754638672,0.0
2025-03-27,163.39999389648438,167.60000610351562,162.60000610351562,164.60000610351562,7523847.0,164.0638427734375,0.0
2025-03-28,168.0,169.10000610351562,162.8000030517578,164.39999389648438,8950924.0,163.86448669433594,0.0
2025-03-31,162.1999969482422,163.0,159.0,160.8000030517578,6875716.0,160.27622985839844,0.0
2025-04-01,161.0,163.8000030517578,160.39999389648438,161.1999969482422,6763957.0,160.67491149902344,0.0
2025-04-02,161.1999969482422,163.0,158.8000030517578,161.89999389648438,5972448.0,161.3726348876953,0.0
2025-04-03,152.39999389648438,156.0,152.1999969482422,153.5,15572015.0,153.0,0.0
2025-04-07,133.60000610351562,137.10000610351562,125.19999694824219,126.4000015258789,43949826.0,126.4000015258789,3.9089
2025-04-08,134.60000610351562,141.0,132.6999969482422,137.60000610351562,41666302.0,137.60000610351562,0.0
2025-04-09,130.10000610351562,138.6999969482422,127.19999694824219,136.6999969482422,27009831.0,136.6999969482422,0.0
2025-04-10,141.39999389648438,145.89999389648438,138.1999969482422,141.6999969482422,23343085.0,141.6999969482422,0.0
2025-04-11,141.5,146.1999969482422,139.8000030517578,143.10000610351562,20247413.0,143.10000610351562,0.0
2025-04-14,145.0,148.89999389648438,142.0,146.60000610351562,17292261.0,146.60000610351562,0.0
2025-04-15,148.39999389648438,149.5,145.1999969482422,146.5,12226438.0,146.5,0.0
2025-04-16,143.39999389648438,144.5,136.60000610351562,138.39999389648438,18319471.0,138.39999389648438,0.0
2025-04-17,137.8000030517578,139.60000610351562,136.60000610351562,139.1999969482422,10658510.0,139.1999969482422,0.0
2025-04-22,132.0,132.0,128.0,130.39999389648438,33988518.0,130.39999389648438,0.0
2025-04-23,135.3000030517578,135.5,130.39999389648438,132.39999389648438,26374585.0,132.39999389648438,0.0
2025-04-24,130.8000030517578,130.8000030517578,122.0999984741211,124.19999694824219,43918714.0,124.19999694824219,0.0
2025-04-25,124.69999694824219,126.9000015258789,123.19999694824219,123.80000305175781,21194464.0,123.80000305175781,0.0
2025-04-28,126.0,127.69999694824219,124.5999984741211,126.5,18225414.0,126.5,0.0
2025-04-29,127.9000015258789,131.3000030517578,127.0,128.89999389648438,15966800.0,128.89999389648438,0.0
2025-04-30,128.6999969482422,128.89999389648438,126.5999984741211,127.9000015258789,12415165.0,127.9000015258789,0.0
2025-05-02,128.6999969482422,132.6999969482422,128.1999969482422,132.10000610351562,17681775.0,132.10000610351562,0.0
2025-05-06,130.0,132.3000030517578,128.3000030517578,131.5,20884988.0,131.5,0.0
2025-05-07,134.60000610351562,135.8000030517578,130.89999389648438,130.89999389648438,17948326.0,130.89999389648438,0.0
2025-05-08,130.5,133.1999969482422,130.5,131.60000610351562,13168759.0,131.60000610351562,0.0
2025-05-09,132.39999389648438,132.60000610351562,129.6999969482422,131.5,11381493.0,131.5,0.0
2025-05-12,135.0,141.1999969482422,134.39999389648438,139.89999389648438,26348682.0,139.89999389648438,0.0
2025-05-13,139.60000610351562,140.0,136.39999389648438,137.0,16796654.0,137.0,0.0
2025-05-14,142.8000030517578,143.1999969482422,139.60000610351562,141.60000610351562,21966646.0,141.60000610351562,0.0
2025-05-15,138.1999969482422,139.0,135.1999969482422,135.39999389648438,20773139.0,135.39999389648438,0.0
2025-05-16,133.60000610351562,134.60000610351562,131.3000030517578,131.8000030517578,20699129.0,131.8000030517578,0.0
2025-05-19,130.0,131.5,129.1999969482422,130.39999389648438,16879938.0,130.39999389648438,0.0
2025-05-20,130.6999969482422,134.5,130.6999969482422,133.5,14041319.0,133.5,0.0
2025-05-21,134.0,135.6999969482422,133.10000610351562,134.5,9292766.0,134.5,0.0
2025-05-22,132.8000030517578,134.3000030517578,132.10000610351562,132.5,9318454.0,132.5,0.0
2025-05-23,132.89999389648438,133.39999389648438,131.3000030517578,131.89999389648438,6727839.0,131.89999389648438,0.0
2025-05-26,130.8000030517578,131.89999389648438,129.39999389648438,129.60000610351562,7951362.0,129.60000610351562,0.0
2025-05-27,127.0,128.60000610351562,121.0,128.3000030517578,19067891.0,128.3000030517578,0.0
2025-05-28,127.19999694824219,128.60000610351562,125.9000015258789,126.5,10818992.0,126.5,0.0
2025-05-29,123.80000305175781,132.8000030517578,123.80000305175781,131.8000030517578,25690114.0,131.8000030517578,0.0
2025-05-30,129.0,129.1999969482422,127.19999694824219,128.89999389648438,22555094.0,128.89999389648438,0.0
2025-06-02,127.0,129.0,125.0999984741211,128.60000610351562,11405309.0,128.60000610351562,0.0
2025-06-03,128.8000030517578,130.8000030517578,128.0,128.60000610351562,9117797.0,128.60000610351562,0.0
2025-06-04,127.30000305175781,129.39999389648438,126.5,128.6999969482422,14148878.0,128.6999969482422,0.0
2025-06-05,129.10000610351562,131.3000030517578,128.8000030517578,130.60000610351562,13169176.0,130.60000610351562,0.0
2025-06-06,130.6999969482422,131.0,127.80000305175781,128.6999969482422,16518729.0,128.6999969482422,0.0
2025-06-09,130.60000610351562,135.5,130.60000610351562,134.0,20752058.0,134.0,0.0
2025-06-10,134.0,134.6999969482422,131.10000610351562,131.89999389648438,11193480.0,131.89999389648438,0.0
2025-06-11,132.60000610351562,135.3000030517578,132.60000610351562,133.89999389648438,10862759.0,133.89999389648438,0.0
2025-06-12,131.5,132.89999389648438,130.8000030517578,131.39999389648438,11954081.0,131.39999389648438,0.0
2025-06-13,130.1999969482422,132.10000610351562,128.8000030517578,129.8000030517578,24065566.0,129.8000030517578,0.0
2025-06-16,129.0,131.89999389648438,128.3000030517578,130.89999389648438,10604032.0,130.89999389648438,0.0
2025-06-17,131.0,132.60000610351562,130.5,131.5,6490498.0,131.5,0.0
2025-06-18,132.0,132.8000030517578,129.10000610351562,129.39999389648438,8916181.0,129.39999389648438,0.0
2025-06-19,128.5,128.6999969482422,123.4000015258789,124.69999694824219,20978668.0,124.69999694824219,0.0
2025-06-20,124.5999984741211,125.69999694824219,123.69999694824219,125.5999984741211,18234214.0,125.5999984741211,0.0
2025-06-23,123.0999984741211,125.30000305175781,121.69999694824219,124.80000305175781,13699454.0,124.80000305175781,0.0
2025-06-24,125.0999984741211,127.30000305175781,124.80000305175781,126.5999984741211,13846575.0,126.5999984741211,0.0
2025-06-25,127.69999694824219,131.1999969482422,127.19999694824219,129.8000030517578,15239326.0,129.8000030517578,0.0
2025-06-26,128.0,130.60000610351562,128.0,130.10000610351562,10781497.0,130.10000610351562,0.0
2025-06-27,130.6999969482422,133.0,129.6999969482422,130.3000030517578,16008304.0,130.3000030517578,0.0
2025-06-30,130.89999389648438,131.5,127.5999984741211,127.9000015258789,12949308.0,127.9000015258789,0.0
2025-07-02,131.5,131.5,126.80000305175781,128.0,13455540.0,128.0,0.0
2025-07-03,128.1999969482422,128.8000030517578,124.5,125.30000305175781,17251226.0,125.30000305175781,0.0
2025-07-04,124.80000305175781,125.9000015258789,123.0999984741211,124.19999694824219,17595224.0,124.19999694824219,0.0
2025-07-07,124.0,125.69999694824219,121.80000305175781,124.80000305175781,15985896.0,124.80000305175781,0.0
2025-07-08,126.4000015258789,128.3000030517578,125.69999694824219,127.69999694824219,9284825.0,127.69999694824219,0.0
2025-07-09,128.0,128.0,124.80000305175781,125.30000305175781,11166261.0,125.30000305175781,0.0
2025-07-10,124.0,124.30000305175781,122.0,123.5999984741211,15803091.0,123.5999984741211,0.0
2025-07-11,121.9000015258789,125.9000015258789,121.69999694824219,123.30000305175781,16937160.0,123.30000305175781,0.0
2025-07-14,122.0,122.5999984741211,120.5,122.4000015258789,10640122.0,122.4000015258789,0.0
2025-07-15,121.0999984741211,125.69999694824219,121.0,125.0,21738410.0,125.0,0.0
2025-07-16,127.0,128.60000610351562,124.30000305175781,124.69999694824219,15128348.0,124.69999694824219,0.0
2025-07-17,124.0,125.4000015258789,123.4000015258789,124.5,9099498.0,124.5,0.0
2025-07-18,126.80000305175781,129.8000030517578,126.80000305175781,128.1999969482422,20590635.0,128.1999969482422,0.0
2025-07-21,132.3000030517578,132.8000030517578,130.3000030517578,130.89999389648438,20128298.0,130.89999389648438,0.0
2025-07-22,131.10000610351562,131.5,128.8000030517578,130.5,9942916.0,130.5,0.0
2025-07-23,132.8000030517578,135.6999969482422,132.0,134.10000610351562,20208002.0,134.10000610351562,0.0
2025-07-24,134.10000610351562,135.3000030517578,132.89999389648438,133.3000030517578,15439519.0,133.3000030517578,0.0
2025-07-25,132.0,132.0,130.0,130.5,11216257.0,130.5,0.0
2025-07-28,131.10000610351562,132.89999389648438,130.5,131.1999969482422,8050512.0,131.1999969482422,0.0
2025-07-29,130.39999389648438,130.8000030517578,128.60000610351562,130.39999389648438,8922156.0,130.39999389648438,0.0
2025-07-30,127.4000015258789,129.10000610351562,126.5,126.9000015258789,21601896.0,126.9000015258789,0.0
2025-07-31,125.69999694824219,125.69999694824219,122.69999694824219,122.9000015258789,19773600.0,122.9000015258789,0.0
2025-08-01,122.9000015258789,125.0,122.5,122.69999694824219,14724532.0,122.69999694824219,0.0
2025-08-04,121.80000305175781,123.30000305175781,121.30000305175781,123.0,10592054.0,123.0,0.0
2025-08-05,123.30000305175781,123.80000305175781,122.30000305175781,123.0,11862607.0,123.0,0.0
2025-08-06,123.19999694824219,124.30000305175781,122.30000305175781,122.5999984741211,9200765.0,122.5999984741211,0.0
2025-08-07,123.80000305175781,125.69999694824219,122.9000015258789,124.69999694824219,13755622.0,124.69999694824219,0.0
2025-08-08,124.69999694824219,125.0,122.5999984741211,122.9000015258789,8428565.0,122.9000015258789,0.0
2025-08-11,123.80000305175781,124.0999984741211,121.9000015258789,122.30000305175781,9121178.0,122.30000305175781,0.0
2025-08-12,122.4000015258789,123.4000015258789,122.0,122.69999694824219,10202409.0,122.69999694824219,0.0
2025-08-13,125.69999694824219,127.5,124.80000305175781,127.4000015258789,18061549.0,127.4000015258789,0.0
2025-08-14,127.0999984741211,127.5,125.0,125.0999984741211,12991544.0,125.0999984741211,0.0
2025-08-15,122.5999984741211,123.5,119.5,120.80000305175781,28595222.0,120.80000305175781,0.0
2025-08-18,122.80000305175781,126.5,122.69999694824219,124.0,21398654.0,124.0,0.0
2025-08-19,124.30000305175781,124.5999984741211,122.30000305175781,123.30000305175781,8995656.0,123.30000305175781,0.0
2025-08-20,121.69999694824219,123.0,121.30000305175781,122.5,9547463.0,122.5,0.0
2025-08-21,122.5,123.0,120.5,121.0999984741211,9957126.0,121.0999984741211,0.0
2025-08-22,121.69999694824219,122.30000305175781,119.9000015258789,121.4000015258789,12883333.0,121.4000015258789,0.0
2025-08-25,124.0,127.4000015258789,123.80000305175781,126.5999984741211,19884498.0,126.5999984741211,0.0
2025-08-26,125.19999694824219,126.80000305175781,124.0,124.4000015258789,11008444.0,124.4000015258789,0.0
2025-08-27,124.4000015258789,125.4000015258789,120.5999984741211,121.30000305175781,18825418.0,121.30000305175781,0.0
2025-08-28,120.0,120.5999984741211,114.80000305175781,115.19999694824219,29732078.0,115.19999694824219,0.0
2025-08-29,117.0999984741211,119.5,116.80000305175781,117.80000305175781,19682921.0,117.80000305175781,0.0
2025-09-01,120.5,122.30000305175781,120.5,121.4000015258789,17495761.0,121.4000015258789,0.0
2025-09-02,121.0,121.69999694824219,119.0999984741211,119.5999984741211,10962410.0,119.5999984741211,0.0
2025-09-03,122.80000305175781,123.9000015258789,119.9000015258789,120.69999694824219,14607782.0,120.69999694824219,0.0
2025-09-04,122.69999694824219,122.69999694824219,119.5999984741211,119.80000305175781,11194250.0,119.80000305175781,0.0
2025-09-05,121.0999984741211,122.5,120.5999984741211,122.0999984741211,20382243.0,122.0999984741211,0.0
2025-09-08,122.19999694824219,123.80000305175781,121.9000015258789,123.4000015258789,10859107.0,123.4000015258789,0.0
2025-09-09,126.80000305175781,127.9000015258789,126.0,127.5,20087889.0,127.5,0.0
2025-09-10,131.10000610351562,135.1999969482422,129.0,132.10000610351562,34449535.0,132.10000610351562,0.0
2025-09-11,130.60000610351562,131.1999969482422,128.8000030517578,129.8000030517578,12959216.0,129.8000030517578,0.0
2025-09-12,134.3000030517578,134.89999389648438,131.3000030517578,131.6999969482422,19492410.0,131.6999969482422,0.0
2025-09-15,131.6999969482422,134.6999969482422,130.6999969482422,131.6999969482422,12845549.0,131.6999969482422,0.0
2025-09-16,130.8000030517578,131.10000610351562,129.10000610351562,130.0,13469755.0,130.0,0.0
2025-09-17,134.0,138.39999389648438,133.6999969482422,136.6999969482422,30635965.0,136.6999969482422,0.0
2025-09-18,136.1999969482422,138.5,133.10000610351562,134.3000030517578,19037627.0,134.3000030517578,0.0
2025-09-19,137.10000610351562,139.60000610351562,136.1999969482422,138.8000030517578,22881305.0,138.8000030517578,0.0
2025-09-22,138.0,138.0,133.5,134.1999969482422,15017762.0,134.1999969482422,0.0
2025-09-23,132.60000610351562,133.0,126.5,128.3000030517578,24681900.0,128.3000030517578,0.0
2025-09-24,128.5,133.0,128.1999969482422,133.0,14883510.0,133.0,0.0
2025-09-25,135.5,142.60000610351562,134.39999389648438,137.60000610351562,33321172.0,137.60000610351562,0.0
2025-09-26,135.39999389648438,136.0,132.1999969482422,132.5,14308826.0,132.5,0.0
2025-09-29,134.5,137.0,134.5,136.60000610351562,16670663.0,136.60000610351562,0.0
2025-09-30,137.6999969482422,138.6999969482422,135.89999389648438,138.5,13386682.0,138.5,0.0
2025-10-02,141.3000030517578,143.8000030517578,140.5,142.8000030517578,20985894.0,142.8000030517578,0.0
2025-10-03,140.1999969482422,141.0,138.3000030517578,140.1999969482422,11171880.0,140.1999969482422,0.0
2025-10-06,138.0,139.3000030517578,136.5,137.1999969482422,8349301.0,137.1999969482422,0.0
2025-10-08,136.5,136.60000610351562,133.0,135.60000610351562,11829547.0,135.60000610351562,0.0
2025-10-09,137.0,137.1999969482422,133.6999969482422,135.6999969482422,10087126.0,135.6999969482422,0.0
2025-10-10,132.6999969482422,134.0,131.60000610351562,131.8000030517578,14114743.0,131.8000030517578,0.0
2025-10-13,127.80000305175781,128.5,123.30000305175781,127.0,26684816.0,127.0,0.0
2025-10-14,129.0,131.0,125.80000305175781,126.4000015258789,17562863.0,126.4000015258789,0.0
2025-10-15,129.10000610351562,129.8000030517578,127.5,129.0,12781596.0,129.0,0.0
2025-10-16,128.39999389648438,129.39999389648438,126.69999694824219,128.10000610351562,10389455.0,128.10000610351562,0.0
2025-10-17,127.5,127.69999694824219,123.30000305175781,124.0999984741211,12926726.0,124.0999984741211,0.0
2025-10-20,130.39999389648438,130.39999389648438,127.0999984741211,127.80000305175781,10271485.0,127.80000305175781,0.0
2025-10-21,130.10000610351562,130.39999389648438,128.3000030517578,128.60000610351562,9595574.0,128.60000610351562,0.0
2025-10-22,127.5999984741211,128.3000030517578,126.0999984741211,126.80000305175781,7253676.0,126.80000305175781,0.0
2025-10-23,126.19999694824219,130.89999389648438,125.4000015258789,128.6999969482422,8345895.0,128.6999969482422,0.0
2025-10-24,129.6999969482422,129.89999389648438,127.5,128.8000030517578,8445281.0,128.8000030517578,0.0
2025-10-27,131.0,132.60000610351562,130.0,131.8000030517578,8853659.0,131.8000030517578,0.0
2025-10-28,132.89999389648438,133.60000610351562,130.10000610351562,130.8000030517578,6600492.0,130.8000030517578,0.0
2025-10-30,133.60000610351562,134.8000030517578,129.89999389648438,130.89999389648438,14423687.0,130.89999389648438,0.0
2025-10-31,129.89999389648438,130.60000610351562,127.5999984741211,127.5999984741211,6989903.0,127.5999984741211,0.0
2025-11-03,128.39999389648438,128.89999389648438,126.5,127.19999694824219,5362005.0,127.19999694824219,0.0
2025-11-04,126.30000305175781,126.80000305175781,123.30000305175781,123.4000015258789,10856773.0,123.4000015258789,0.0
2025-11-05,121.80000305175781,123.5999984741211,120.19999694824219,122.80000305175781,12199635.0,122.80000305175781,0.0
2025-11-06,123.80000305175781,127.30000305175781,123.5999984741211,126.9000015258789,9247285.0,126.9000015258789,0.0
2025-11-07,124.19999694824219,125.0999984741211,123.30000305175781,124.0,7019975.0,124.0,0.0
2025-11-10,123.9000015258789,124.80000305175781,122.80000305175781,124.5,7528870.0,124.5,0.0
2025-11-11,122.0999984741211,123.19999694824219,121.30000305175781,123.0999984741211,10012848.0,123.0999984741211,0.0
2025-11-12,123.19999694824219,125.30000305175781,122.80000305175781,124.69999694824219,9102999.0,124.69999694824219,0.0
2025-11-13,121.5,125.5,121.0,124.4000015258789,12092692.0,124.4000015258789,0.0
2025-11-14,120.69999694824219,121.0999984741211,116.5,116.9000015258789,27150506.0,116.9000015258789,0.0
2025-11-17,115.9000015258789,116.5999984741211,114.4000015258789,115.4000015258789,14026491.0,115.4000015258789,0.0
2025-11-18,114.5999984741211,115.69999694824219,114.0999984741211,114.30000305175781,11826634.0,114.30000305175781,0.0
2025-11-19,114.5,114.69999694824219,113.0999984741211,113.5,9909252.0,113.5,0.0
2025-11-20,113.5,114.80000305175781,112.9000015258789,113.5,13266682.0,113.5,0.0
2025-11-21,110.80000305175781,112.19999694824219,110.0999984741211,110.30000305175781,16209520.0,110.30000305175781,0.0
2025-11-24,112.0,113.5,111.19999694824219,112.4000015258789,21419215.0,112.4000015258789,0.0
2025-11-25,112.5,112.9000015258789,111.30000305175781,112.4000015258789,15067944.0,112.4000015258789,0.0
2025-11-26,112.80000305175781,115.5999984741211,112.69999694824219,114.80000305175781,13777502.0,114.80000305175781,0.0
2025-11-27,114.69999694824219,117.80000305175781,114.5999984741211,116.19999694824219,11080169.0,116.19999694824219,0.0
2025-11-28,116.80000305175781,117.5999984741211,116.19999694824219,116.5,9249406.0,116.5,0.0
2025-12-01,115.69999694824219,118.0999984741211,115.5,117.0999984741211,9511983.0,117.0999984741211,0.0
2025-12-02,117.0999984741211,117.4000015258789,115.80000305175781,116.0,7615396.0,116.0,0.0
2025-12-03,115.5999984741211,116.30000305175781,115.19999694824219,115.5,7859439.0,115.5,0.0
2025-12-04,116.19999694824219,116.9000015258789,114.5,116.0999984741211,8972978.0,116.0999984741211,0.0
2025-12-05,115.0,117.69999694824219,114.4000015258789,117.0,14790746.0,117.0,0.0
2025-12-08,117.30000305175781,118.19999694824219,116.0,116.19999694824219,6310171.0,116.19999694824219,0.0
2025-12-09,116.4000015258789,116.9000015258789,114.80000305175781,114.9000015258789,9213992.0,114.9000015258789,0.0
2025-12-10,114.30000305175781,115.4000015258789,113.5,114.80000305175781,8796504.0,114.80000305175781,0.0
2025-12-11,114.80000305175781,115.5,113.80000305175781,114.30000305175781,4875060.0,114.30000305175781,0.0
2025-12-12,115.0999984741211,116.19999694824219,114.69999694824219,115.5999984741211,14246121.0,115.5999984741211,0.0
2025-12-15,114.9000015258789,115.0,113.5,113.5,8616416.0,113.5,0.0
2025-12-16,113.19999694824219,113.19999694824219,109.9000015258789,110.9000015258789,11148958.0,110.9000015258789,0.0
2025-12-17,111.4000015258789,112.5999984741211,111.0,112.30000305175781,10265864.0,112.30000305175781,0.0
2025-12-18,111.4000015258789,112.80000305175781,111.0,112.19999694824219,4946925.0,112.19999694824219,0.0
2025-12-19,113.0,113.0999984741211,111.0999984741211,111.30000305175781,12601344.0,111.30000305175781,0.0
2025-12-22,111.4000015258789,112.5999984741211,111.4000015258789,112.30000305175781,7906246.0,112.30000305175781,0.0
2025-12-23,112.69999694824219,113.5999984741211,112.4000015258789,112.80000305175781,5676788.0,112.80000305175781,0.0
2025-12-24,112.69999694824219,112.69999694824219,112.69999694824219,112.69999694824219,0.0,112.69999694824219,0.0
2025-12-29,113.4000015258789,114.5,111.80000305175781,112.0,8879485.0,112.0,0.0
2025-12-30,112.9000015258789,114.30000305175781,112.5,113.5999984741211,9386468.0,113.5999984741211,0.0
2025-12-31,111.4000015258789,111.4000015258789,111.4000015258789,111.4000015258789,0.0,111.4000015258789,0.0
2026-01-02,112.30000305175781,115.5999984741211,112.30000305175781,115.0999984741211,8695252.0,115.0999984741211,0.0
2026-01-05,114.80000305175781,115.19999694824219,113.0,113.69999694824219,10453025.0,113.69999694824219,0.0
2026-01-06,115.0,117.0999984741211,114.5,115.5,11779827.0,115.5,0.0
2026-01-07,115.9000015258789,116.19999694824219,113.30000305175781,114.0,11518144.0,114.0,0.0
2026-01-08,113.0999984741211,113.0999984741211,111.0,111.69999694824219,13487302.0,111.69999694824219,0.0
2026-01-09,115.4000015258789,116.5999984741211,114.4000015258789,114.5999984741211,13812469.0,114.5999984741211,0.0
2026-01-12,115.5999984741211,117.5,114.30000305175781,116.9000015258789,10290561.0,116.9000015258789,0.0
2026-01-13,119.30000305175781,120.4000015258789,116.9000015258789,117.4000015258789,12940625.0,117.4000015258789,0.0
2026-01-14,116.4000015258789,117.4000015258789,114.80000305175781,115.9000015258789,12998960.0,115.9000015258789,0.0
2026-01-15,116.19999694824219,116.80000305175781,114.5,115.0999984741211,7960677.0,115.0999984741211,0.0
2026-01-16,114.5,115.5,113.0999984741211,113.5999984741211,10580579.0,113.5999984741211,0.0
2026-01-19,113.0,113.0999984741211,111.9000015258789,112.30000305175781,6024636.0,112.30000305175781,0.0
2026-01-20,112.19999694824219,113.80000305175781,111.69999694824219,112.4000015258789,8737424.0,112.4000015258789,0.0
2026-01-21,112.0,113.5999984741211,111.80000305175781,112.80000305175781,10226076.0,112.80000305175781,0.0
2026-01-22,113.9000015258789,114.5999984741211,112.69999694824219,113.9000015258789,8256681.0,113.9000015258789,0.0
2026-01-23,116.9000015258789,117.30000305175781,114.80000305175781,114.80000305175781,9828732.0,114.80000305175781,0.0
2026-01-26,116.0,116.5,114.5999984741211,116.0,10532195.0,116.0,0.0
2026-01-27,115.80000305175781,115.9000015258789,112.69999694824219,113.5,14654490.0,113.5,0.0
2026-01-28,115.19999694824219,116.4000015258789,113.5,116.30000305175781,15557923.0,116.30000305175781,0.0
2026-01-29,113.5999984741211,115.0,113.5,114.5999984741211,14861889.0,114.5999984741211,0.0
2026-01-30,113.69999694824219,114.19999694824219,112.19999694824219,112.4000015258789,15632455.0,112.4000015258789,0.0
2026-02-02,112.0,112.69999694824219,109.5,110.5,13829763.0,110.5,0.0
2026-02-03,111.0999984741211,111.9000015258789,107.80000305175781,109.69999694824219,10698271.0,109.69999694824219,0.0
2026-02-04,109.5,109.80000305175781,107.5999984741211,107.9000015258789,13178141.0,107.9000015258789,0.0
2026-02-05,106.30000305175781,109.19999694824219,105.9000015258789,108.80000305175781,14545393.0,108.80000305175781,0.0
2026-02-06,106.19999694824219,107.30000305175781,106.0,106.9000015258789,13305426.0,106.9000015258789,0.0
2026-02-09,109.80000305175781,110.0999984741211,107.9000015258789,107.9000015258789,7827278.0,107.9000015258789,0.0
2026-02-10,109.19999694824219,110.80000305175781,108.69999694824219,110.0,11390711.0,110.0,0.0
2026-02-11,111.0,111.30000305175781,109.5999984741211,109.80000305175781,6850343.0,109.80000305175781,0.0
2026-02-12,109.9000015258789,110.30000305175781,108.0999984741211,108.4000015258789,7935520.0,108.4000015258789,0.0
2026-02-13,107.0999984741211,107.5999984741211,105.0,106.4000015258789,13708742.0,106.4000015258789,0.0
2026-02-16,105.9000015258789,105.9000015258789,105.9000015258789,105.9000015258789,0.0,105.9000015258789,0.0
2026-02-20,105.0999984741211,106.0999984741211,103.5999984741211,103.80000305175781,8122746.0,103.80000305175781,0.0
2026-02-23,106.0,109.4000015258789,105.9000015258789,107.5,10400125.0,107.5,0.0
2026-02-24,106.9000015258789,107.80000305175781,105.30000305175781,106.30000305175781,11228354.0,106.30000305175781,0.0
2026-02-25,107.4000015258789,108.0999984741211,106.30000305175781,106.80000305175781,11752769.0,106.80000305175781,0.0
2026-02-26,107.30000305175781,107.69999694824219,103.9000015258789,104.0,14245518.0,104.0,0.0
2026-02-27,105.0,105.4000015258789,104.0,104.4000015258789,11576972.0,104.4000015258789,0.0
2026-03-02,102.9000015258789,103.0,100.4000015258789,101.30000305175781,15724548.0,101.30000305175781,0.0
2026-03-03,102.0999984741211,103.4000015258789,100.19999694824219,100.4000015258789,16960919.0,100.4000015258789,0.0
2026-03-04,99.30000305175781,99.44999694824219,95.9000015258789,98.0,23737725.0,98.0,0.0
2026-03-05,98.94999694824219,99.5,96.6500015258789,96.94999694824219,18033650.0,96.94999694824219,0.0
2026-03-06,98.5,106.5999984741211,98.5,106.5999984741211,48151193.0,106.5999984741211,0.0
2026-03-09,102.5999984741211,105.80000305175781,102.30000305175781,105.5,23771929.0,105.5,0.0
2026-03-10,107.5999984741211,108.69999694824219,106.69999694824219,108.5,13555673.0,108.5,0.0
2026-03-11,109.0,110.5,108.0,108.5999984741211,8840612.0,108.5999984741211,0.0
2026-03-12,108.9000015258789,110.5999984741211,108.30000305175781,109.5,8770540.0,109.5,0.0
2026-03-13,109.5,111.80000305175781,109.0,109.5999984741211,9895902.0,109.5999984741211,0.0
2026-03-16,111.0,112.19999694824219,110.5999984741211,111.5,9999042.0,111.5,0.0
2026-03-17,111.80000305175781,113.5999984741211,111.5999984741211,112.0999984741211,7665981.0,112.0999984741211,0.0
2026-03-18,112.30000305175781,114.0,111.69999694824219,112.80000305175781,7938873.0,112.80000305175781,0.0
2026-03-19,110.0,112.0999984741211,110.0,110.69999694824219,9831672.0,110.69999694824219,0.0
2026-03-20,108.4000015258789,110.0,106.19999694824219,108.5999984741211,21697532.0,108.5999984741211,0.0
2026-03-23,106.5,106.69999694824219,103.5,105.0999984741211,19055693.0,105.0999984741211,0.0
2026-03-24,105.9000015258789,107.5999984741211,104.5,107.19999694824219,8148970.0,107.19999694824219,0.0
